2020-02-24,BW,0,0
2020-02-25,BW,1,0
2020-02-26,BW,3,0
2020-02-27,BW,6,0
2020-02-28,BW,10,0
2020-02-29,BW,14,0
2020-03-01,BW,15,0
2020-03-02,BW,19,0
2020-03-03,BW,26,0
2020-03-04,BW,44,0
2020-03-05,BW,73,0
2020-03-06,BW,96,0
2020-03-07,BW,170,0
2020-03-08,BW,182,0
2020-03-09,BW,204,0
2020-03-10,BW,237,0
2020-03-11,BW,277,0
2020-03-12,BW,454,1
2020-03-13,BW,454,1
2020-03-14,BW,569,2
2020-03-15,BW,827,3
2020-03-16,BW,1105,3
2020-03-17,BW,1479,2
2020-03-18,BW,1609,2
2020-03-19,BW,2155,6
2020-03-20,BW,2746,10
2020-03-21,BW,3668,16
2020-02-24,BY,14,0
2020-02-25,BY,14,0
2020-02-26,BY,14,0
2020-02-27,BY,14,0
2020-02-28,BY,15,0
2020-02-29,BY,15,0
2020-03-01,BY,19,0
2020-03-02,BY,25,0
2020-03-03,BY,35,0
2020-03-04,BY,48,0
2020-03-05,BY,70,0
2020-03-06,BY,117,0
2020-03-07,BY,134,0
2020-03-08,BY,172,0
2020-03-09,BY,256,0
2020-03-10,BY,314,0
2020-03-11,BY,366,0
2020-03-12,BY,500,1
2020-03-13,BY,558,1
2020-03-14,BY,681,1
2020-03-15,BY,886,4
2020-03-16,BY,1067,5
2020-03-17,BY,1109,4
2020-03-18,BY,1243,4
2020-03-19,BY,1692,8
2020-03-20,BY,2401,12
2020-03-21,BY,2960,19
2020-02-24,BE,0,0
2020-02-25,BE,0,0
2020-02-26,BE,0,0
2020-02-27,BE,0,0
2020-02-28,BE,0,0
2020-02-29,BE,0,0
2020-03-01,BE,0,0
2020-03-02,BE,1,0
2020-03-03,BE,3,0
2020-03-04,BE,6,0
2020-03-05,BE,13,0
2020-03-06,BE,19,0
2020-03-07,BE,28,0
2020-03-08,BE,40,0
2020-03-09,BE,48,0
2020-03-10,BE,48,0
2020-03-11,BE,90,0
2020-03-12,BE,137,0
2020-03-13,BE,174,0
2020-03-14,BE,216,0
2020-03-15,BE,265,0
2020-03-16,BE,300,0
2020-03-17,BE,345,0
2020-03-18,BE,391,0
2020-03-19,BE,573,0
2020-03-20,BE,731,0
2020-03-21,BE,866,1
2020-02-24,BB,0,0
2020-02-25,BB,0,0
2020-02-26,BB,0,0
2020-02-27,BB,0,0
2020-02-28,BB,0,0
2020-02-29,BB,0,0
2020-03-01,BB,0,0
2020-03-02,BB,0,0
2020-03-03,BB,1,0
2020-03-04,BB,1,0
2020-03-05,BB,1,0
2020-03-06,BB,2,0
2020-03-07,BB,2,0
2020-03-08,BB,4,0
2020-03-09,BB,6,0
2020-03-10,BB,9,0
2020-03-11,BB,24,0
2020-03-12,BB,30,0
2020-03-13,BB,44,0
2020-03-14,BB,61,0
2020-03-15,BB,84,0
2020-03-16,BB,94,0
2020-03-17,BB,73,0
2020-03-18,BB,92,0
2020-03-19,BB,134,0
2020-03-20,BB,192,0
2020-03-21,BB,254,0
2020-02-24,HB,0,0
2020-02-25,HB,0,0
2020-02-26,HB,0,0
2020-02-27,HB,0,0
2020-02-28,HB,0,0
2020-02-29,HB,0,0
2020-03-01,HB,1,0
2020-03-02,HB,1,0
2020-03-03,HB,1,0
2020-03-04,HB,2,0
2020-03-05,HB,3,0
2020-03-06,HB,4,0
2020-03-07,HB,4,0
2020-03-08,HB,4,0
2020-03-09,HB,4,0
2020-03-10,HB,4,0
2020-03-11,HB,21,0
2020-03-12,HB,38,0
2020-03-13,HB,42,0
2020-03-14,HB,50,0
2020-03-15,HB,53,0
2020-03-16,HB,56,0
2020-03-17,HB,57,0
2020-03-18,HB,69,0
2020-03-19,HB,80,0
2020-03-20,HB,121,0
2020-03-21,HB,142,0
2020-02-24,HH,0,0
2020-02-25,HH,0,0
2020-02-26,HH,0,0
2020-02-27,HH,0,0
2020-02-28,HH,0,0
2020-02-29,HH,0,0
2020-03-01,HH,1,0
2020-03-02,HH,1,0
2020-03-03,HH,2,0
2020-03-04,HH,2,0
2020-03-05,HH,5,0
2020-03-06,HH,11,0
2020-03-07,HH,13,0
2020-03-08,HH,13,0
2020-03-09,HH,17,0
2020-03-10,HH,29,0
2020-03-11,HH,48,0
2020-03-12,HH,88,0
2020-03-13,HH,99,0
2020-03-14,HH,158,0
2020-03-15,HH,162,0
2020-03-16,HH,260,0
2020-03-17,HH,310,0
2020-03-18,HH,358,0
2020-03-19,HH,432,0
2020-03-20,HH,586,0
2020-03-21,HH,587,0
2020-02-24,HE,2,0
2020-02-25,HE,2,0
2020-02-26,HE,2,0
2020-02-27,HE,2,0
2020-02-28,HE,2,0
2020-02-29,HE,5,0
2020-03-01,HE,10,0
2020-03-02,HE,12,0
2020-03-03,HE,12,0
2020-03-04,HE,12,0
2020-03-05,HE,14,0
2020-03-06,HE,16,0
2020-03-07,HE,17,0
2020-03-08,HE,19,0
2020-03-09,HE,26,0
2020-03-10,HE,35,0
2020-03-11,HE,48,0
2020-03-12,HE,99,0
2020-03-13,HE,148,0
2020-03-14,HE,203,0
2020-03-15,HE,286,0
2020-03-16,HE,342,0
2020-03-17,HE,373,0
2020-03-18,HE,432,0
2020-03-19,HE,682,0
2020-03-20,HE,813,1
2020-03-21,HE,1080,2
2020-02-24,MV,0,0
2020-02-25,MV,0,0
2020-02-26,MV,0,0
2020-02-27,MV,0,0
2020-02-28,MV,0,0
2020-02-29,MV,0,0
2020-03-01,MV,0,0
2020-03-02,MV,0,0
2020-03-03,MV,0,0
2020-03-04,MV,3,0
2020-03-05,MV,4,0
2020-03-06,MV,5,0
2020-03-07,MV,5,0
2020-03-08,MV,8,0
2020-03-09,MV,10,0
2020-03-10,MV,13,0
2020-03-11,MV,17,0
2020-03-12,MV,23,0
2020-03-13,MV,33,0
2020-03-14,MV,45,0
2020-03-15,MV,50,0
2020-03-16,MV,51,0
2020-03-17,MV,45,0
2020-03-18,MV,56,0
2020-03-19,MV,98,0
2020-03-20,MV,131,0
2020-03-21,MV,165,0
2020-02-24,NI,0,0
2020-02-25,NI,0,0
2020-02-26,NI,0,0
2020-02-27,NI,0,0
2020-02-28,NI,0,0
2020-02-29,NI,0,0
2020-03-01,NI,1,0
2020-03-02,NI,1,0
2020-03-03,NI,1,0
2020-03-04,NI,4,0
2020-03-05,NI,18,0
2020-03-06,NI,18,0
2020-03-07,NI,19,0
2020-03-08,NI,21,0
2020-03-09,NI,38,0
2020-03-10,NI,49,0
2020-03-11,NI,75,0
2020-03-12,NI,129,0
2020-03-13,NI,230,0
2020-03-14,NI,253,0
2020-03-15,NI,287,0
2020-03-16,NI,391,0
2020-03-17,NI,325,0
2020-03-18,NI,478,0
2020-03-19,NI,669,0
2020-03-20,NI,803,0
2020-03-21,NI,1023,0
2020-02-24,NW,0,0
2020-02-25,NW,1,0
2020-02-26,NW,2,0
2020-02-27,NW,4,0
2020-02-28,NW,25,0
2020-02-29,NW,30,0
2020-03-01,NW,66,0
2020-03-02,NW,86,0
2020-03-03,NW,101,0
2020-03-04,NW,111,0
2020-03-05,NW,181,0
2020-03-06,NW,329,0
2020-03-07,NW,373,0
2020-03-08,NW,398,0
2020-03-09,NW,484,2
2020-03-10,NW,484,2
2020-03-11,NW,484,3
2020-03-12,NW,688,3
2020-03-13,NW,936,3
2020-03-14,NW,1154,5
2020-03-15,NW,1407,5
2020-03-16,NW,1541,5
2020-03-17,NW,2105,6
2020-03-18,NW,2372,6
2020-03-19,NW,3033,6
2020-03-20,NW,3497,6
2020-03-21,NW,3542,6
2020-02-24,RP,0,0
2020-02-25,RP,0,0
2020-02-26,RP,0,0
2020-02-27,RP,0,0
2020-02-28,RP,0,0
2020-02-29,RP,1,0
2020-03-01,RP,2,0
2020-03-02,RP,2,0
2020-03-03,RP,2,0
2020-03-04,RP,2,0
2020-03-05,RP,8,0
2020-03-06,RP,10,0
2020-03-07,RP,13,0
2020-03-08,RP,19,0
2020-03-09,RP,17,0
2020-03-10,RP,25,0
2020-03-11,RP,25,0
2020-03-12,RP,52,0
2020-03-13,RP,102,0
2020-03-14,RP,121,0
2020-03-15,RP,168,0
2020-03-16,RP,325,0
2020-03-17,RP,442,0
2020-03-18,RP,474,0
2020-03-19,RP,637,0
2020-03-20,RP,801,1
2020-03-21,RP,938,1
2020-02-24,SL,0,0
2020-02-25,SL,0,0
2020-02-26,SL,0,0
2020-02-27,SL,0,0
2020-02-28,SL,0,0
2020-02-29,SL,0,0
2020-03-01,SL,0,0
2020-03-02,SL,0,0
2020-03-03,SL,0,0
2020-03-04,SL,1,0
2020-03-05,SL,1,0
2020-03-06,SL,2,0
2020-03-07,SL,3,0
2020-03-08,SL,4,0
2020-03-09,SL,6,0
2020-03-10,SL,7,0
2020-03-11,SL,14,0
2020-03-12,SL,14,0
2020-03-13,SL,40,0
2020-03-14,SL,40,0
2020-03-15,SL,32,0
2020-03-16,SL,85,0
2020-03-17,SL,75,0
2020-03-18,SL,88,0
2020-03-19,SL,99,0
2020-03-20,SL,146,0
2020-03-21,SL,187,0
2020-02-24,SN,0,0
2020-02-25,SN,0,0
2020-02-26,SN,0,0
2020-02-27,SN,0,0
2020-02-28,SN,0,0
2020-02-29,SN,0,0
2020-03-01,SN,0,0
2020-03-02,SN,0,0
2020-03-03,SN,1,0
2020-03-04,SN,1,0
2020-03-05,SN,1,0
2020-03-06,SN,2,0
2020-03-07,SN,4,0
2020-03-08,SN,7,0
2020-03-09,SN,12,0
2020-03-10,SN,22,0
2020-03-11,SN,26,0
2020-03-12,SN,45,0
2020-03-13,SN,83,0
2020-03-14,SN,93,0
2020-03-15,SN,130,0
2020-03-16,SN,140,0
2020-03-17,SN,182,0
2020-03-18,SN,198,0
2020-03-19,SN,275,0
2020-03-20,SN,394,0
2020-03-21,SN,567,0
2020-02-24,ST,0,0
2020-02-25,ST,0,0
2020-02-26,ST,0,0
2020-02-27,ST,0,0
2020-02-28,ST,0,0
2020-02-29,ST,0,0
2020-03-01,ST,0,0
2020-03-02,ST,0,0
2020-03-03,ST,0,0
2020-03-04,ST,0,0
2020-03-05,ST,0,0
2020-03-06,ST,0,0
2020-03-07,ST,0,0
2020-03-08,ST,0,0
2020-03-09,ST,0,0
2020-03-10,ST,7,0
2020-03-11,ST,15,0
2020-03-12,ST,27,0
2020-03-13,ST,42,0
2020-03-14,ST,45,0
2020-03-15,ST,47,0
2020-03-16,ST,77,0
2020-03-17,ST,58,0
2020-03-18,ST,105,0
2020-03-19,ST,140,0
2020-03-20,ST,180,0
2020-03-21,ST,188,0
2020-02-24,SH,0,0
2020-02-25,SH,0,0
2020-02-26,SH,0,0
2020-02-27,SH,0,0
2020-02-28,SH,1,0
2020-02-29,SH,1,0
2020-03-01,SH,2,0
2020-03-02,SH,2,0
2020-03-03,SH,2,0
2020-03-04,SH,2,0
2020-03-05,SH,7,0
2020-03-06,SH,7,0
2020-03-07,SH,8,0
2020-03-08,SH,9,0
2020-03-09,SH,9,0
2020-03-10,SH,9,0
2020-03-11,SH,27,0
2020-03-12,SH,31,0
2020-03-13,SH,48,0
2020-03-14,SH,60,0
2020-03-15,SH,103,0
2020-03-16,SH,123,0
2020-03-17,SH,127,0
2020-03-18,SH,159,0
2020-03-19,SH,202,0
2020-03-20,SH,266,1
2020-03-21,SH,308,1
2020-02-24,TH,0,0
2020-02-25,TH,0,0
2020-02-26,TH,0,0
2020-02-27,TH,0,0
2020-02-28,TH,0,0
2020-02-29,TH,0,0
2020-03-01,TH,0,0
2020-03-02,TH,0,0
2020-03-03,TH,1,0
2020-03-04,TH,1,0
2020-03-05,TH,1,0
2020-03-06,TH,1,0
2020-03-07,TH,2,0
2020-03-08,TH,2,0
2020-03-09,TH,2,0
2020-03-10,TH,4,0
2020-03-11,TH,10,0
2020-03-12,TH,14,0
2020-03-13,TH,29,0
2020-03-14,TH,46,0
2020-03-15,TH,51,0
2020-03-16,TH,55,0
2020-03-17,TH,51,0
2020-03-18,TH,74,0
2020-03-19,TH,98,0
2020-03-20,TH,149,0
2020-03-21,TH,187,0
2020-03-22,BW,3807,21
2020-03-22,BY,3650,21
2020-03-22,BE,1024,1
2020-03-22,BB,274,
2020-03-22,HB,165,
2020-03-22,HH,872,
2020-03-22,HE,1175,2
2020-03-22,MV,172,
2020-03-22,NI,1306,1
2020-03-22,NW,3545,6
2020-03-22,RP,1053,2
2020-03-22,SL,187,
2020-03-22,SN,606,
2020-03-22,ST,211,
2020-03-22,SH,347,1
2020-03-22,TH,216,
2020-03-22,DE,18610,55
2020-03-23,BW,3811,21
2020-03-23,BY,4892,26
2020-03-23,BE,1077,1
2020-03-23,BB,288,
2020-03-23,HB,170,
2020-03-23,HH,943,
2020-03-23,HE,1347,3
2020-03-23,MV,172,
2020-03-23,NI,1483,4
2020-03-23,NW,5615,28
2020-03-23,RP,1177,2
2020-03-23,SL,200,
2020-03-23,SN,653,
2020-03-23,ST,212,
2020-03-23,SH,383,1
2020-03-23,TH,249,
2020-03-23,DE,22672,86
2020-03-24,BW,5348,30
2020-03-24,BY,5754,30
2020-03-24,BE,1220,1
2020-03-24,BB,343,
2020-03-24,HB,183,
2020-03-24,HH,1043,
2020-03-24,HE,1620,4
2020-03-24,MV,199,
2020-03-24,NI,1764,6
2020-03-24,NW,6318,33
2020-03-24,RP,1370,5
2020-03-24,SL,337,1
2020-03-24,SN,811,1
2020-03-24,ST,321,
2020-03-24,SH,478,2
2020-03-24,TH,327,1
2020-03-24,DE,27436,114
2020-03-25,BW,6069,37
2020-03-25,BY,6558,37
2020-03-25,BE,1428,2
2020-03-25,BB,429,1
2020-03-25,HB,200,
2020-03-25,HH,1262,
2020-03-25,HE,1754,4
2020-03-25,MV,218,
2020-03-25,NI,2140,7
2020-03-25,NW,7197,43
2020-03-25,RP,1591,5
2020-03-25,SL,403,2
2020-03-25,SN,959,6
2020-03-25,ST,375,1
2020-03-25,SH,577,3
2020-03-25,TH,394,1
2020-03-25,DE,31554,149
2020-03-26,BW,7283,56
2020-03-26,BY,7993,47
2020-03-26,BE,1656,4
2020-03-26,BB,477,1
2020-03-26,HB,211,1
2020-03-26,HH,1265,
2020-03-26,HE,2157,6
2020-03-26,MV,244,
2020-03-26,NI,2347,8
2020-03-26,NW,7924,53
2020-03-26,RP,1816,6
2020-03-26,SL,433,2
2020-03-26,SN,1141,7
2020-03-26,ST,418,1
2020-03-26,SH,675,3
2020-03-26,TH,468,3
2020-03-26,DE,36508,198
2020-03-27,BW,8161,70
2020-03-27,BY,9481,55
2020-03-27,BE,1955,8
2020-03-27,BB,537,1
2020-03-27,HB,241,1
2020-03-27,HH,1693,2
2020-03-27,HE,2323,7
2020-03-27,MV,259,
2020-03-27,NI,2810,10
2020-03-27,NW,9235,72
2020-03-27,RP,1971,8
2020-03-27,SL,505,2
2020-03-27,SN,1305,7
2020-03-27,ST,458,2
2020-03-27,SH,812,4
2020-03-27,TH,542,4
2020-03-27,DE,42288,253
2020-03-28,BW,9781,101
2020-03-28,BY,11150,77
2020-03-28,BE,2161,8
2020-03-28,BB,645,1
2020-03-28,HB,260,2
2020-03-28,HH,1765,2
2020-03-28,HE,2604,9
2020-03-28,MV,308,
2020-03-28,NI,3150,12
2020-03-28,NW,10607,80
2020-03-28,RP,2212,11
2020-03-28,SL,550,2
2020-03-28,SN,1432,9
2020-03-28,ST,458,2
2020-03-28,SH,915,4
2020-03-28,TH,584,5
2020-03-28,DE,48582,325
2020-03-29,BW,9794,101
2020-03-29,BY,12881,107
2020-03-29,BE,2360,9
2020-03-29,BB,721,1
2020-03-29,HB,275,2
2020-03-29,HH,1846,4
2020-03-29,HE,2605,9
2020-03-29,MV,348,1
2020-03-29,NI,3450,21
2020-03-29,NW,11400,98
2020-03-29,RP,2396,12
2020-03-29,SL,560,2
2020-03-29,SN,1617,9
2020-03-29,ST,592,2
2020-03-29,SH,1005,6
2020-03-29,TH,697,5
2020-03-29,DE,52547,389
2020-03-30,BW,10943,119
2020-03-30,BY,13989,127
2020-03-30,BE,2464,11
2020-03-30,BB,761,2
2020-03-30,HB,286,2
2020-03-30,HH,2053,5
2020-03-30,HE,3091,13
2020-03-30,MV,356,1
2020-03-30,NI,3732,26
2020-03-30,NW,12178,101
2020-03-30,RP,2584,18
2020-03-30,SL,706,7
2020-03-30,SN,1795,9
2020-03-30,ST,592,2
2020-03-30,SH,1049,7
2020-03-30,TH,719,5
2020-03-30,DE,57298,455
2020-03-31,BW,12334,165
2020-03-31,BY,14810,162
2020-03-31,BE,2575,13
2020-03-31,BB,798,2
2020-03-31,HB,294,4
2020-03-31,HH,2191,9
2020-03-31,HE,3283,17
2020-03-31,MV,366,1
2020-03-31,NI,4063,34
2020-03-31,NW,13225,117
2020-03-31,RP,2726,19
2020-03-31,SL,782,7
2020-03-31,SN,1882,12
2020-03-31,ST,680,6
2020-03-31,SH,1120,9
2020-03-31,TH,784,6
2020-03-31,DE,61913,583
2020-04-01,BW,13410,197
2020-04-01,BY,16497,225
2020-04-01,BE,2754,16
2020-04-01,BB,881,4
2020-04-01,HB,311,5
2020-04-01,HH,2311,14
2020-04-01,HE,3445,21
2020-04-01,MV,406,3
2020-04-01,NI,4382,42
2020-04-01,NW,14351,134
2020-04-01,RP,2899,23
2020-04-01,SL,829,8
2020-04-01,SN,2034,17
2020-04-01,ST,750,7
2020-04-01,SH,1246,10
2020-04-01,TH,860,6
2020-04-01,DE,67366,732
2020-04-02,BW,14662,241
2020-04-02,BY,18496,268
2020-04-02,BE,2970,19
2020-04-02,BB,995,7
2020-04-02,HB,327,6
2020-04-02,HH,2406,14
2020-04-02,HE,3707,27
2020-04-02,MV,438,3
2020-04-02,NI,4695,45
2020-04-02,NW,15427,161
2020-04-02,RP,3132,26
2020-04-02,SL,1020,11
2020-04-02,SN,2183,18
2020-04-02,ST,804,8
2020-04-02,SH,1335,11
2020-04-02,TH,925,7
2020-04-02,DE,73522,872
2020-04-03,BW,16059,285
2020-04-03,BY,20237,307
2020-04-03,BE,3202,20
2020-04-03,BB,1075,9
2020-04-03,HB,341,6
2020-04-03,HH,2596,16
2020-04-03,HE,3993,33
2020-04-03,MV,468,4
2020-04-03,NI,5081,65
2020-04-03,NW,16606,178
2020-04-03,RP,3362,26
2020-04-03,SL,1079,12
2020-04-03,SN,2336,21
2020-04-03,ST,836,11
2020-04-03,SH,1443,15
2020-04-03,TH,982,9
2020-04-03,DE,79696,1017
2020-04-04,BW,17014,316
2020-04-04,BY,21908,349
2020-04-04,BE,3471,22
2020-04-04,BB,1211,12
2020-04-04,HB,354,6
2020-04-04,HH,2697,16
2020-04-04,HE,4279,42
2020-04-04,MV,501,5
2020-04-04,NI,5571,85
2020-04-04,NW,17885,200
2020-04-04,RP,3504,29
2020-04-04,SL,1265,14
2020-04-04,SN,2591,24
2020-04-04,ST,896,11
2020-04-04,SH,1559,17
2020-04-04,TH,1072,10
2020-04-04,DE,85778,1158
2020-04-05,BW,18614,367
2020-04-05,BY,23846,396
2020-04-05,BE,3613,24
2020-04-05,BB,1305,17
2020-04-05,HB,394,6
2020-04-05,HH,2945,19
2020-04-05,HE,4575,56
2020-04-05,MV,523,5
2020-04-05,NI,5712,89
2020-04-05,NW,18735,245
2020-04-05,RP,3663,32
2020-04-05,SL,1358,14
2020-04-05,SN,2741,32
2020-04-05,ST,919,12
2020-04-05,SH,1631,18
2020-04-05,TH,1140,10
2020-04-05,DE,91714,1342
2020-04-06,BW,19395,387
2020-04-06,BY,24974,437
2020-04-06,BE,3670,26
2020-04-06,BB,1345,19
2020-04-06,HB,397,8
2020-04-06,HH,2993,19
2020-04-06,HE,4674,61
2020-04-06,MV,528,6
2020-04-06,NI,5960,92
2020-04-06,NW,19384,255
2020-04-06,RP,3882,32
2020-04-06,SL,1483,14
2020-04-06,SN,2903,34
2020-04-06,ST,956,12
2020-04-06,SH,1671,20
2020-04-06,TH,1176,12
2020-04-06,DE,95391,1434
2020-04-07,BW,20141,433
2020-04-07,BY,26163,481
2020-04-07,BE,3845,28
2020-04-07,BB,1384,20
2020-04-07,HB,399,9
2020-04-07,HH,3059,20
2020-04-07,HE,4837,73
2020-04-07,MV,531,8
2020-04-07,NI,6200,111
2020-04-07,NW,20220,282
2020-04-07,RP,3992,34
2020-04-07,SL,1532,16
2020-04-07,SN,2997,38
2020-04-07,ST,987,12
2020-04-07,SH,1730,24
2020-04-07,TH,1208,18
2020-04-07,DE,99225,1607
2020-04-08,BW,20680,464
2020-04-08,BY,27564,564
2020-04-08,BE,4028,32
2020-04-08,BB,1472,22
2020-04-08,HB,424,10
2020-04-08,HH,3165,23
2020-04-08,HE,4965,84
2020-04-08,MV,555,11
2020-04-08,NI,6385,121
2020-04-08,NW,20929,348
2020-04-08,RP,4148,45
2020-04-08,SL,1637,23
2020-04-08,SN,3144,50
2020-04-08,ST,1020,16
2020-04-08,SH,1827,28
2020-04-08,TH,1285,20
2020-04-08,DE,103228,1861
2020-04-09,BW,21603,519
2020-04-09,BY,28827,635
2020-04-09,BE,4202,37
2020-04-09,BB,1578,30
2020-04-09,HB,445,11
2020-04-09,HH,3320,44
2020-04-09,HE,5242,100
2020-04-09,MV,572,11
2020-04-09,NI,6804,141
2020-04-09,NW,21961,384
2020-04-09,RP,4336,50
2020-04-09,SL,1693,23
2020-04-09,SN,3261,52
2020-04-09,ST,1075,16
2020-04-09,SH,1932,34
2020-04-09,TH,1351,20
2020-04-09,DE,108202,2107
2020-04-10,BW,22433,570
2020-04-10,BY,30363,703
2020-04-10,BE,4349,42
2020-04-10,BB,1691,37
2020-04-10,HB,454,13
2020-04-10,HH,3551,53
2020-04-10,HE,5694,111
2020-04-10,MV,586,11
2020-04-10,NI,7114,161
2020-04-10,NW,23028,446
2020-04-10,RP,4440,51
2020-04-10,SL,1854,36
2020-04-10,SN,3402,59
2020-04-10,ST,1121,18
2020-04-10,SH,2029,38
2020-04-10,TH,1416,24
2020-04-10,DE,113525,2373
2020-04-11,BW,23617,622
2020-04-11,BY,31453,747
2020-04-11,BE,4458,46
2020-04-11,BB,1764,37
2020-04-11,HB,469,15
2020-04-11,HH,3663,56
2020-04-11,HE,5808,120
2020-04-11,MV,601,11
2020-04-11,NI,7343,171
2020-04-11,NW,23644,472
2020-04-11,RP,4622,59
2020-04-11,SL,2016,41
2020-04-11,SN,3565,65
2020-04-11,ST,1135,18
2020-04-11,SH,2065,39
2020-04-11,TH,1435,25
2020-04-11,DE,117658,2544
2020-04-12,BW,24078,649
2020-04-12,BY,32282,786
2020-04-12,BE,4567,50
2020-04-12,BB,1857,38
2020-04-12,HB,480,15
2020-04-12,HH,3742,56
2020-04-12,HE,5859,123
2020-04-12,MV,605,11
2020-04-12,NI,7602,189
2020-04-12,NW,24267,495
2020-04-12,RP,4734,64
2020-04-12,SL,2058,43
2020-04-12,SN,3600,67
2020-04-12,ST,1166,21
2020-04-12,SH,2118,41
2020-04-12,TH,1464,25
2020-04-12,DE,120479,2673
2020-04-13,BW,24570,677
2020-04-13,BY,33015,820
2020-04-13,BE,4601,51
2020-04-13,BB,1880,38
2020-04-13,HB,486,17
2020-04-13,HH,3770,56
2020-04-13,HE,6114,135
2020-04-13,MV,618,11
2020-04-13,NI,7723,201
2020-04-13,NW,24883,518
2020-04-13,RP,4810,68
2020-04-13,SL,2079,44
2020-04-13,SN,3655,68
2020-04-13,ST,1193,24
2020-04-13,SH,2134,44
2020-04-13,TH,1485,27
2020-04-13,DE,123016,2799
2020-04-14,BW,25040,711
2020-04-14,BY,33569,872
2020-04-14,BE,4668,56
2020-04-14,BB,1916,40
2020-04-14,HB,492,20
2020-04-14,HH,3808,59
2020-04-14,HE,6183,147
2020-04-14,MV,619,11
2020-04-14,NI,7885,211
2020-04-14,NW,25300,545
2020-04-14,RP,4880,70
2020-04-14,SL,2112,52
2020-04-14,SN,3751,70
2020-04-14,ST,1207,25
2020-04-14,SH,2164,49
2020-04-14,TH,1504,31
2020-04-14,DE,125098,2969
2020-04-15,BW,25438,767
2020-04-15,BY,34294,954
2020-04-15,BE,4722,62
2020-04-15,BB,1950,42
2020-04-15,HB,500,21
2020-04-15,HH,3869,67
2020-04-15,HE,6347,173
2020-04-15,MV,624,11
2020-04-15,NI,8019,224
2020-04-15,NW,25835,607
2020-04-15,RP,5004,77
2020-04-15,SL,2145,58
2020-04-15,SN,3819,73
2020-04-15,ST,1223,26
2020-04-15,SH,2245,54
2020-04-15,TH,1550,38
2020-04-15,DE,127584,3254
2020-04-16,BW,25881,802
2020-04-16,BY,35142,1049
2020-04-16,BE,4848,74
2020-04-16,BB,2058,54
2020-04-16,HB,507,21
2020-04-16,HH,3953,80
2020-04-16,HE,6470,187
2020-04-16,MV,634,13
2020-04-16,NI,8188,248
2020-04-16,NW,26383,663
2020-04-16,RP,5087,87
2020-04-16,SL,2201,71
2020-04-16,SN,3955,94
2020-04-16,ST,1248,26
2020-04-16,SH,2294,55
2020-04-16,TH,1601,45
2020-04-16,DE,130450,3569
2020-04-17,BW,26543,872
2020-04-17,BY,36027,1137
2020-04-17,BE,4945,84
2020-04-17,BB,2120,60
2020-04-17,HB,556,22
2020-04-17,HH,4005,84
2020-04-17,HE,6705,197
2020-04-17,MV,634,13
2020-04-17,NI,8442,274
2020-04-17,NW,27030,726
2020-04-17,RP,5211,92
2020-04-17,SL,2254,76
2020-04-17,SN,4048,95
2020-04-17,ST,1279,28
2020-04-17,SH,2349,59
2020-04-17,TH,1682,49
2020-04-17,DE,133830,3868
2020-04-18,BW,27258,919
2020-04-18,BY,36881,1198
2020-04-18,BE,5066,91
2020-04-18,BB,2161,62
2020-04-18,HB,567,24
2020-04-18,HH,4118,90
2020-04-18,HE,6916,212
2020-04-18,MV,645,14
2020-04-18,NI,8649,281
2020-04-18,NW,28006,791
2020-04-18,RP,5324,99
2020-04-18,SL,2289,86
2020-04-18,SN,4140,103
2020-04-18,ST,1315,29
2020-04-18,SH,2387,61
2020-04-18,TH,1717,50
2020-04-18,DE,137439,4110
2020-04-19,BW,27883,968
2020-04-19,BY,37407,1256
2020-04-19,BE,5159,92
2020-04-19,BB,2221,66
2020-04-19,HB,585,25
2020-04-19,HH,4167,91
2020-04-19,HE,7108,230
2020-04-19,MV,651,15
2020-04-19,NI,8797,288
2020-04-19,NW,28471,814
2020-04-19,RP,5432,106
2020-04-19,SL,2303,91
2020-04-19,SN,4190,107
2020-04-19,ST,1350,30
2020-04-19,SH,2417,62
2020-04-19,TH,1756,53
2020-04-19,DE,139897,4294
2020-04-20,BW,28253,982
2020-04-20,BY,37849,1286
2020-04-20,BE,5196,94
2020-04-20,BB,2238,66
2020-04-20,HB,604,25
2020-04-20,HH,4185,91
2020-04-20,HE,7177,240
2020-04-20,MV,653,15
2020-04-20,NI,8900,291
2020-04-20,NW,28971,857
2020-04-20,RP,5523,107
2020-04-20,SL,2314,91
2020-04-20,SN,4229,109
2020-04-20,ST,1369,30
2020-04-20,SH,2426,67
2020-04-20,TH,1785,53
2020-04-20,DE,141672,4404
2020-04-21,BW,28712,1031
2020-04-21,BY,38310,1336
2020-04-21,BE,5237,97
2020-04-21,BB,2275,67
2020-04-21,HB,609,25
2020-04-21,HH,4204,91
2020-04-21,HE,7231,251
2020-04-21,MV,655,15
2020-04-21,NI,9098,306
2020-04-21,NW,29389,896
2020-04-21,RP,5561,116
2020-04-21,SL,2328,93
2020-04-21,SN,4253,117
2020-04-21,ST,1383,32
2020-04-21,SH,2414,70
2020-04-21,TH,1798,55
2020-04-21,DE,143457,4598
2020-04-22,BW,28898,1063
2020-04-22,BY,38814,1424
2020-04-22,BE,5312,105
2020-04-22,BB,2389,74
2020-04-22,HB,624,26
2020-04-22,HH,4204,91
2020-04-22,HE,7380,265
2020-04-22,MV,656,15
2020-04-22,NI,9236,328
2020-04-22,NW,30185,964
2020-04-22,RP,5593,122
2020-04-22,SL,2367,97
2020-04-22,SN,4273,122
2020-04-22,ST,1395,33
2020-04-22,SH,2496,79
2020-04-22,TH,1872,71
2020-04-22,DE,145694,4879
2020-04-23,BW,29443,1113
2020-04-23,BY,39395,1476
2020-04-23,BE,5324,105
2020-04-23,BB,2447,84
2020-04-23,HB,672,27
2020-04-23,HH,4286,113
2020-04-23,HE,7593,286
2020-04-23,MV,659,15
2020-04-23,NI,9391,340
2020-04-23,NW,30584,999
2020-04-23,RP,5643,131
2020-04-23,SL,2395,99
2020-04-23,SN,4327,127
2020-04-23,ST,1425,34
2020-04-23,SH,2530,84
2020-04-23,TH,1932,61
2020-04-23,DE,148046,5094
2020-04-24,BW,29792,1153
2020-04-24,BY,39939,1525
2020-04-24,BE,5459,112
2020-04-24,BB,2536,90
2020-04-24,HB,707,27
2020-04-24,HH,4358,122
2020-04-24,HE,7712,296
2020-04-24,MV,661,16
2020-04-24,NI,9544,364
2020-04-24,NW,31106,1052
2020-04-24,RP,5731,136
2020-04-24,SL,2445,105
2020-04-24,SN,4377,135
2020-04-24,ST,1436,35
2020-04-24,SH,2557,88
2020-04-24,TH,2023,65
2020-04-24,DE,150383,5321
2020-04-25,BW,30169,1189
2020-04-25,BY,40547,1566
2020-04-25,BE,5525,113
2020-04-25,BB,2627,97
2020-04-25,HB,719,27
2020-04-25,HH,4400,139
2020-04-25,HE,7837,305
2020-04-25,MV,667,16
2020-04-25,NI,9691,377
2020-04-25,NW,31465,1084
2020-04-25,RP,5767,138
2020-04-25,SL,2468,107
2020-04-25,SN,4406,141
2020-04-25,ST,1480,35
2020-04-25,SH,2612,95
2020-04-25,TH,2058,71
2020-04-25,DE,152438,5500
2020-04-26,BW,30761,1237
2020-04-26,BY,40912,1596
2020-04-26,BE,5600,123
2020-04-26,BB,2694,100
2020-04-26,HB,739,27
2020-04-26,HH,4429,140
2020-04-26,HE,7946,315
2020-04-26,MV,673,16
2020-04-26,NI,9785,384
2020-04-26,NW,31669,1096
2020-04-26,RP,5835,147
2020-04-26,SL,2482,107
2020-04-26,SN,4428,147
2020-04-26,ST,1494,36
2020-04-26,SH,2630,96
2020-04-26,TH,2098,73
2020-04-26,DE,154175,5640
2020-04-27,BW,31043,1249
2020-04-27,BY,41070,1621
2020-04-27,BE,5638,125
2020-04-27,BB,2721,100
2020-04-27,HB,754,27
2020-04-27,HH,4475,142
2020-04-27,HE,7979,320
2020-04-27,MV,674,16
2020-04-27,NI,9847,391
2020-04-27,NW,31879,1131
2020-04-27,RP,5879,152
2020-04-27,SL,2503,121
2020-04-27,SN,4458,147
2020-04-27,ST,1515,36
2020-04-27,SH,2638,98
2020-04-27,TH,2120,74
2020-04-27,DE,155193,5750
2020-04-28,BW,31196,1269
2020-04-28,BY,41406,1681
2020-04-28,BE,5669,127
2020-04-28,BB,2747,106
2020-04-28,HB,759,27
2020-04-28,HH,4505,142
2020-04-28,HE,8026,333
2020-04-28,MV,675,17
2020-04-28,NI,9926,394
2020-04-28,NW,32184,1171
2020-04-28,RP,5928,157
2020-04-28,SL,2509,123
2020-04-28,SN,4490,148
2020-04-28,ST,1520,39
2020-04-28,SH,2653,101
2020-04-28,TH,2144,78
2020-04-28,DE,156337,5913
2020-04-29,BW,31336,1299
2020-04-29,BY,41830,1754
2020-04-29,BE,5734,137
2020-04-29,BB,2768,109
2020-04-29,HB,797,29
2020-04-29,HH,4525,153
2020-04-29,HE,8184,346
2020-04-29,MV,687,17
2020-04-29,NI,9972,406
2020-04-29,NW,32429,1200
2020-04-29,RP,5982,161
2020-04-29,SL,2514,129
2020-04-29,SN,4509,153
2020-04-29,ST,1525,39
2020-04-29,SH,2679,103
2020-04-29,TH,2170,80
2020-04-29,DE,157641,6115
2020-04-30,BW,31609,1353
2020-04-30,BY,42080,1799
2020-04-30,BE,5827,147
2020-04-30,BB,2831,113
2020-04-30,HB,827,29
2020-04-30,HH,4562,155
2020-04-30,HE,8304,353
2020-04-30,MV,690,17
2020-04-30,NI,10067,416
2020-04-30,NW,32687,1219
2020-04-30,RP,6029,166
2020-04-30,SL,2552,131
2020-04-30,SN,4561,156
2020-04-30,ST,1549,43
2020-04-30,SH,2690,106
2020-04-30,TH,2254,85
2020-04-30,DE,159119,6288
2020-05-01,BW,31919,1385
2020-05-01,BY,42489,1850
2020-05-01,BE,5887,149
2020-05-01,BB,2872,120
2020-05-01,HB,859,30
2020-05-01,HH,4604,163
2020-05-01,HE,8376,360
2020-05-01,MV,693,18
2020-05-01,NI,10141,429
2020-05-01,NW,33058,1261
2020-05-01,RP,6086,172
2020-05-01,SL,2581,135
2020-05-01,SN,4592,162
2020-05-01,ST,1564,44
2020-05-01,SH,2714,110
2020-05-01,TH,2323,93
2020-05-01,DE,160758,6481
2020-05-02,BW,32146,1402
2020-05-02,BY,42658,1885
2020-05-02,BE,5943,152
2020-05-02,BB,2886,122
2020-05-02,HB,871,30
2020-05-02,HH,4609,163
2020-05-02,HE,8486,364
2020-05-02,MV,695,18
2020-05-02,NI,10246,451
2020-05-02,NW,33216,1268
2020-05-02,RP,6099,173
2020-05-02,SL,2597,135
2020-05-02,SN,4617,163
2020-05-02,ST,1571,44
2020-05-02,SH,2728,112
2020-05-02,TH,2335,93
2020-05-02,DE,161703,6575
2020-05-03,BW,32291,1412
2020-05-03,BY,42792,1910
2020-05-03,BE,5976,154
2020-05-03,BB,2905,122
2020-05-03,HB,875,30
2020-05-03,HH,4631,164
2020-05-03,HE,8524,370
2020-05-03,MV,698,18
2020-05-03,NI,10283,453
2020-05-03,NW,33428,1287
2020-05-03,RP,6133,176
2020-05-03,SL,2605,138
2020-05-03,SN,4696,165
2020-05-03,ST,1576,44
2020-05-03,SH,2738,113
2020-05-03,TH,2345,93
2020-05-03,DE,162496,6649
2020-05-04,BW,32411,1421
2020-05-04,BY,42997,1926
2020-05-04,BE,6010,154
2020-05-04,BB,2914,122
2020-05-04,HB,893,30
2020-05-04,HH,4636,166
2020-05-04,HE,8549,372
2020-05-04,MV,699,18
2020-05-04,NI,10325,456
2020-05-04,NW,33560,1290
2020-05-04,RP,6150,177
2020-05-04,SL,2608,139
2020-05-04,SN,4702,167
2020-05-04,ST,1578,45
2020-05-04,SH,2788,113
2020-05-04,TH,2355,96
2020-05-04,DE,163175,6692
2020-05-05,BW,32482,1452
2020-05-05,BY,43162,1949
2020-05-05,BE,6042,154
2020-05-05,BB,2940,123
2020-05-05,HB,895,31
2020-05-05,HH,4644,172
2020-05-05,HE,8585,381
2020-05-05,MV,703,19
2020-05-05,NI,10380,463
2020-05-05,NW,33728,1332
2020-05-05,RP,6160,182
2020-05-05,SL,2618,139
2020-05-05,SN,4745,171
2020-05-05,ST,1585,46
2020-05-05,SH,2799,118
2020-05-05,TH,2392,99
2020-05-05,DE,163860,6831
2020-05-06,BW,32576,1481
2020-05-06,BY,43371,2001
2020-05-06,BE,6092,159
2020-05-06,BB,2969,127
2020-05-06,HB,916,31
2020-05-06,HH,4664,190
2020-05-06,HE,8642,386
2020-05-06,MV,711,19
2020-05-06,NI,10453,470
2020-05-06,NW,33977,1358
2020-05-06,RP,6191,187
2020-05-06,SL,2627,141
2020-05-06,SN,4784,177
2020-05-06,ST,1590,46
2020-05-06,SH,2815,119
2020-05-06,TH,2429,104
2020-05-06,DE,164807,6996
2020-05-07,BW,32762,1497
2020-05-07,BY,43658,2050
2020-05-07,BE,6149,162
2020-05-07,BB,2999,129
2020-05-07,HB,963,32
2020-05-07,HH,4704,194
2020-05-07,HE,8736,396
2020-05-07,MV,715,19
2020-05-07,NI,10564,478
2020-05-07,NW,34249,1372
2020-05-07,RP,6213,189
2020-05-07,SL,2655,143
2020-05-07,SN,4836,181
2020-05-07,ST,1602,48
2020-05-07,SH,2834,120
2020-05-07,TH,2452,109
2020-05-07,DE,166091,7119
2020-05-08,BW,32898,1515
2020-05-08,BY,43905,2114
2020-05-08,BE,6209,163
2020-05-08,BB,3037,131
2020-05-08,HB,997,32
2020-05-08,HH,4753,201
2020-05-08,HE,8850,403
2020-05-08,MV,718,19
2020-05-08,NI,10686,493
2020-05-08,NW,34522,1397
2020-05-08,RP,6241,192
2020-05-08,SL,2658,140
2020-05-08,SN,4839,184
2020-05-08,ST,1615,48
2020-05-08,SH,2860,122
2020-05-08,TH,2512,112
2020-05-08,DE,167300,7266
2020-05-09,BW,33105,1534
2020-05-09,BY,44169,2147
2020-05-09,BE,6242,164
2020-05-09,BB,3098,133
2020-05-09,HB,1024,32
2020-05-09,HH,4772,204
2020-05-09,HE,8916,408
2020-05-09,MV,722,19
2020-05-09,NI,10803,496
2020-05-09,NW,34817,1424
2020-05-09,RP,6282,195
2020-05-09,SL,2660,142
2020-05-09,SN,4873,186
2020-05-09,ST,1637,48
2020-05-09,SH,2898,122
2020-05-09,TH,2533,115
2020-05-09,DE,168551,7369
2020-05-10,BW,33287,1542
2020-05-10,BY,44265,2153
2020-05-10,BE,6261,165
2020-05-10,BB,3101,134
2020-05-10,HB,1043,32
2020-05-10,HH,4772,204
2020-05-10,HE,8998,411
2020-05-10,MV,726,19
2020-05-10,NI,10827,498
2020-05-10,NW,34964,1425
2020-05-10,RP,6291,195
2020-05-10,SL,2663,142
2020-05-10,SN,4886,187
2020-05-10,ST,1640,48
2020-05-10,SH,2938,123
2020-05-10,TH,2556,117
2020-05-10,DE,169218,7395
2020-05-11,BW,33190,1545
2020-05-11,BY,44368,2155
2020-05-11,BE,6272,165
2020-05-11,BB,3106,134
2020-05-11,HB,1055,34
2020-05-11,HH,4780,204
2020-05-11,HE,9012,412
2020-05-11,MV,728,19
2020-05-11,NI,10854,498
2020-05-11,NW,35132,1437
2020-05-11,RP,6313,195
2020-05-11,SL,2665,142
2020-05-11,SN,4915,187
2020-05-11,ST,1643,48
2020-05-11,SH,2957,124
2020-05-11,TH,2585,118
2020-05-11,DE,169575,7417
2020-05-12,BW,33359,1568
2020-05-12,BY,44593,2182
2020-05-12,BE,6274,165
2020-05-12,BB,3111,136
2020-05-12,HB,1058,35
2020-05-12,HH,4960,216
2020-05-12,HE,9031,415
2020-05-12,MV,729,20
2020-05-12,NI,10895,507
2020-05-12,NW,35333,1456
2020-05-12,RP,6355,206
2020-05-12,SL,2665,144
2020-05-12,SN,4947,190
2020-05-12,ST,1648,50
2020-05-12,SH,2956,125
2020-05-12,TH,2594,118
2020-05-12,DE,170508,7533
2020-05-13,BW,33518,1594
2020-05-13,BY,44802,2209
2020-05-13,BE,6298,170
2020-05-13,BB,3125,137
2020-05-13,HB,1077,36
2020-05-13,HH,4972,223
2020-05-13,HE,9087,419
2020-05-13,MV,736,20
2020-05-13,NI,10903,508
2020-05-13,NW,35555,1473
2020-05-13,RP,6360,207
2020-05-13,SL,2667,144
2020-05-13,SN,4962,191
2020-05-13,ST,1650,52
2020-05-13,SH,2972,125
2020-05-13,TH,2622,126
2020-05-13,DE,171306,7634
2020-05-14,BW,33670,1608
2020-05-14,BY,44980,2229
2020-05-14,BE,6342,173
2020-05-14,BB,3135,138
2020-05-14,HB,1104,37
2020-05-14,HH,4976,228
2020-05-14,HE,9169,423
2020-05-14,MV,739,20
2020-05-14,NI,11003,524
2020-05-14,NW,35741,1483
2020-05-14,RP,6382,212
2020-05-14,SL,2677,145
2020-05-14,SN,5031,195
2020-05-14,ST,1656,52
2020-05-14,SH,2982,125
2020-05-14,TH,2652,131
2020-05-14,DE,172239,7723
2020-05-15,BW,33851,1628
2020-05-15,BY,45143,2260
2020-05-15,BE,6397,177
2020-05-15,BB,3158,148
2020-05-15,HB,1129,37
2020-05-15,HH,4981,228
2020-05-15,HE,9204,429
2020-05-15,MV,740,20
2020-05-15,NI,11087,534
2020-05-15,NW,35967,1493
2020-05-15,RP,6413,213
2020-05-15,SL,2684,147
2020-05-15,SN,5061,195
2020-05-15,ST,1668,54
2020-05-15,SH,2998,126
2020-05-15,TH,2681,135
2020-05-15,DE,173152,7824
2020-05-16,BW,33893,1644
2020-05-16,BY,45340,2273
2020-05-16,BE,6428,181
2020-05-16,BB,3169,149
2020-05-16,HB,1150,37
2020-05-16,HH,5017,231
2020-05-16,HE,9261,432
2020-05-16,MV,746,20
2020-05-16,NI,11092,535
2020-05-16,NW,36065,1500
2020-05-16,RP,6449,216
2020-05-16,SL,2688,149
2020-05-16,SN,5089,197
2020-05-16,ST,1676,54
2020-05-16,SH,2998,126
2020-05-16,TH,2711,137
2020-05-16,DE,173772,7881
2020-05-17,BW,33950,1648
2020-05-17,BY,45427,2283
2020-05-17,BE,6447,182
2020-05-17,BB,3171,149
2020-05-17,HB,1164,37
2020-05-17,HH,5029,232
2020-05-17,HE,9317,435
2020-05-17,MV,748,20
2020-05-17,NI,11155,544
2020-05-17,NW,36286,1505
2020-05-17,RP,6449,216
2020-05-17,SL,2696,149
2020-05-17,SN,5115,196
2020-05-17,ST,1676,54
2020-05-17,SH,3000,126
2020-05-17,TH,2725,138
2020-05-17,DE,174355,7914
2020-05-18,BW,34000,1652
2020-05-18,BY,45507,2287
2020-05-18,BE,6458,180
2020-05-18,BB,3172,149
2020-05-18,HB,1171,38
2020-05-18,HH,5037,232
2020-05-18,HE,9337,439
2020-05-18,MV,752,20
2020-05-18,NI,11167,545
2020-05-18,NW,36365,1512
2020-05-18,RP,6490,217
2020-05-18,SL,2696,149
2020-05-18,SN,5125,196
2020-05-18,ST,1678,54
2020-05-18,SH,3002,126
2020-05-18,TH,2740,139
2020-05-18,DE,174697,7935
2020-05-19,BW,34034,1653
2020-05-19,BY,45639,2314
2020-05-19,BE,6478,182
2020-05-19,BB,3185,150
2020-05-19,HB,1237,38
2020-05-19,HH,5042,232
2020-05-19,HE,9368,442
2020-05-19,MV,752,20
2020-05-19,NI,11207,548
2020-05-19,NW,36485,1525
2020-05-19,RP,6520,222
2020-05-19,SL,2699,154
2020-05-19,SN,5133,198
2020-05-19,ST,1679,54
2020-05-19,SH,3002,128
2020-05-19,TH,2750,147
2020-05-19,DE,175210,8007
2020-05-20,BW,34115,1672
2020-05-20,BY,45766,2339
2020-05-20,BE,6507,186
2020-05-20,BB,3193,151
2020-05-20,HB,1256,38
2020-05-20,HH,5042,236
2020-05-20,HE,9483,446
2020-05-20,MV,755,20
2020-05-20,NI,11288,557
2020-05-20,NW,36766,1537
2020-05-20,RP,6529,222
2020-05-20,SL,2703,154
2020-05-20,SN,5150,198
2020-05-20,ST,1680,54
2020-05-20,SH,3014,131
2020-05-20,TH,2760,149
2020-05-20,DE,176007,8090
2020-05-21,BW,34175,1680
2020-05-21,BY,45929,2348
2020-05-21,BE,6555,186
2020-05-21,BB,3205,151
2020-05-21,HB,1273,39
2020-05-21,HH,5053,239
2020-05-21,HE,9574,451
2020-05-21,MV,762,20
2020-05-21,NI,11362,566
2020-05-21,NW,36912,1546
2020-05-21,RP,6555,224
2020-05-21,SL,2706,157
2020-05-21,SN,5185,201
2020-05-21,ST,1689,54
2020-05-21,SH,3021,134
2020-05-21,TH,2796,151
2020-05-21,DE,176752,8147
2020-05-22,BW,34174,1680
2020-05-22,BY,46024,2358
2020-05-22,BE,6585,190
2020-05-22,BB,3211,152
2020-05-22,HB,1291,39
2020-05-22,HH,5059,240
2020-05-22,HE,9656,457
2020-05-22,MV,763,20
2020-05-22,NI,11420,568
2020-05-22,NW,37010,1547
2020-05-22,RP,6566,224
2020-05-22,SL,2707,157
2020-05-22,SN,5197,203
2020-05-22,ST,1692,54
2020-05-22,SH,3039,134
2020-05-22,TH,2818,151
2020-05-22,DE,177212,8174
2020-05-23,BW,34345,1692
2020-05-23,BY,46132,2367
2020-05-23,BE,6614,190
2020-05-23,BB,3213,154
2020-05-23,HB,1296,41
2020-05-23,HH,5063,240
2020-05-23,HE,9670,458
2020-05-23,MV,763,20
2020-05-23,NI,11521,571
2020-05-23,NW,37139,1555
2020-05-23,RP,6582,226
2020-05-23,SL,2709,157
2020-05-23,SN,5219,204
2020-05-23,ST,1692,54
2020-05-23,SH,3062,136
2020-05-23,TH,2830,151
2020-05-23,DE,177850,8216
2020-05-24,BW,34399,1697
2020-05-24,BY,46206,2377
2020-05-24,BE,6637,191
2020-05-24,BB,3214,154
2020-05-24,HB,1299,41
2020-05-24,HH,5066,241
2020-05-24,HE,9762,460
2020-05-24,MV,760,20
2020-05-24,NI,11578,572
2020-05-24,NW,37223,1563
2020-05-24,RP,6590,227
2020-05-24,SL,2713,157
2020-05-24,SN,5221,204
2020-05-24,ST,1694,54
2020-05-24,SH,3062,137
2020-05-24,TH,2857,152
2020-05-24,DE,178281,8247
2020-05-25,BW,34431,1698
2020-05-25,BY,46326,2382
2020-05-25,BE,6642,191
2020-05-25,BB,3214,154
2020-05-25,HB,1312,41
2020-05-25,HH,5069,241
2020-05-25,HE,9770,460
2020-05-25,MV,760,20
2020-05-25,NI,11578,572
2020-05-25,NW,37298,1565
2020-05-25,RP,6596,228
2020-05-25,SL,2716,157
2020-05-25,SN,5231,205
2020-05-25,ST,1694,54
2020-05-25,SH,3062,137
2020-05-25,TH,2871,152
2020-05-25,DE,178570,8257
2020-05-26,BW,34466,1707
2020-05-26,BY,46456,2401
2020-05-26,BE,6652,191
2020-05-26,BB,3236,154
2020-05-26,HB,1313,42
2020-05-26,HH,5069,241
2020-05-26,HE,9804,462
2020-05-26,MV,760,20
2020-05-26,NI,11646,574
2020-05-26,NW,37395,1571
2020-05-26,RP,6600,228
2020-05-26,SL,2727,158
2020-05-26,SN,5236,207
2020-05-26,ST,1698,54
2020-05-26,SH,3067,139
2020-05-26,TH,2877,153
2020-05-26,DE,179002,8302
2020-05-27,BW,34500,1724
2020-05-27,BY,46458,2404
2020-05-27,BE,6673,193
2020-05-27,BB,3246,154
2020-05-27,HB,1322,42
2020-05-27,HH,5072,242
2020-05-27,HE,9860,466
2020-05-27,MV,760,20
2020-05-27,NI,11678,578
2020-05-27,NW,37541,1577
2020-05-27,RP,6611,229
2020-05-27,SL,2730,160
2020-05-27,SN,5247,208
2020-05-27,ST,1698,55
2020-05-27,SH,3070,140
2020-05-27,TH,2898,157
2020-05-27,DE,179364,8349
2020-05-28,BW,34129,1724
2020-05-28,BY,46729,2438
2020-05-28,BE,6703,195
2020-05-28,BB,3261,155
2020-05-28,HB,1348,41
2020-05-28,HH,5076,245
2020-05-28,HE,9915,471
2020-05-28,MV,760,20
2020-05-28,NI,11750,583
2020-05-28,NW,37698,1582
2020-05-28,RP,6652,230
2020-05-28,SL,2731,161
2020-05-28,SN,5260,210
2020-05-28,ST,1701,55
2020-05-28,SH,3072,143
2020-05-28,TH,2932,158
2020-05-28,DE,179717,8411
2020-05-29,BW,34479,1743
2020-05-29,BY,46809,2441
2020-05-29,BE,6738,196
2020-05-29,BB,3271,155
2020-05-29,HB,1372,41
2020-05-29,HH,5078,246
2020-05-29,HE,9962,476
2020-05-29,MV,759,20
2020-05-29,NI,11832,585
2020-05-29,NW,37803,1588
2020-05-29,RP,6673,230
2020-05-29,SL,2716,162
2020-05-29,SN,5230,209
2020-05-29,ST,1700,55
2020-05-29,SH,3078,144
2020-05-29,TH,2958,159
2020-05-29,DE,180458,8450
2020-05-30,BW,34718,1748
2020-05-30,BY,46854,2450
2020-05-30,BE,6767,197
2020-05-30,BB,3266,155
2020-05-30,HB,1398,42
2020-05-30,HH,5082,246
2020-05-30,HE,10003,476
2020-05-30,MV,760,20
2020-05-30,NI,11958,593
2020-05-30,NW,37910,1595
2020-05-30,RP,6695,230
2020-05-30,SL,2723,163
2020-05-30,SN,5297,213
2020-05-30,ST,1701,55
2020-05-30,SH,3090,145
2020-05-30,TH,2974,161
2020-05-30,DE,181196,8489
2020-05-31,BW,34718,1748
2020-05-31,BY,46917,2450
2020-05-31,BE,6800,198
2020-05-31,BB,3271,155
2020-05-31,HB,1398,42
2020-05-31,HH,5087,252
2020-05-31,HE,10033,477
2020-05-31,MV,761,20
2020-05-31,NI,11992,593
2020-05-31,NW,38000,1597
2020-05-31,RP,6694,230
2020-05-31,SL,2724,163
2020-05-31,SN,5304,213
2020-05-31,ST,1705,55
2020-05-31,SH,3094,145
2020-05-31,TH,2984,162
2020-05-31,DE,181482,8500
2020-06-01,BW,34784,1752
2020-06-01,BY,47004,2451
2020-06-01,BE,6816,198
2020-06-01,BB,3273,155
2020-06-01,HB,1398,42
2020-06-01,HH,5089,253
2020-06-01,HE,10047,480
2020-06-01,MV,761,20
2020-06-01,NI,12043,593
2020-06-01,NW,38046,1598
2020-06-01,RP,6703,230
2020-06-01,SL,2724,163
2020-06-01,SN,5309,214
2020-06-01,ST,1706,55
2020-06-01,SH,3097,145
2020-06-01,TH,3015,162
2020-06-01,DE,181815,8511
2020-06-02,BW,34796,1758
2020-06-02,BY,47029,2456
2020-06-02,BE,6839,198
2020-06-02,BB,3274,155
2020-06-02,HB,1436,42
2020-06-02,HH,5098,253
2020-06-02,HE,10060,480
2020-06-02,MV,761,20
2020-06-02,NI,12065,594
2020-06-02,NW,38100,1599
2020-06-02,RP,6704,230
2020-06-02,SL,2730,163
2020-06-02,SN,5309,211
2020-06-02,ST,1707,55
2020-06-02,SH,3103,145
2020-06-02,TH,3017,163
2020-06-02,DE,182028,8522
2020-06-03,BW,34813,1760
2020-06-03,BY,47138,2466
2020-06-03,BE,6874,198
2020-06-03,BB,3273,156
2020-06-03,HB,1447,43
2020-06-03,HH,5098,253
2020-06-03,HE,10080,480
2020-06-03,MV,761,20
2020-06-03,NI,12114,596
2020-06-03,NW,38185,1607
2020-06-03,RP,6712,230
2020-06-03,SL,2735,163
2020-06-03,SN,5305,212
2020-06-03,ST,1707,55
2020-06-03,SH,3106,146
2020-06-03,TH,3022,166
2020-06-03,DE,182370,8551
2020-06-04,BW,34830,1761
2020-06-04,BY,47209,2479
2020-06-04,BE,6901,200
2020-06-04,BB,3280,156
2020-06-04,HB,1462,44
2020-06-04,HH,5096,253
2020-06-04,HE,10129,482
2020-06-04,MV,763,20
2020-06-04,NI,12182,601
2020-06-04,NW,38297,1611
2020-06-04,RP,6719,230
2020-06-04,SL,2737,164
2020-06-04,SN,5312,212
2020-06-04,ST,1711,55
2020-06-04,SH,3103,146
2020-06-04,TH,3033,167
2020-06-04,DE,182764,8581
2020-06-05,BW,34870,1778
2020-06-05,BY,47268,2481
2020-06-05,BE,6946,200
2020-06-05,BB,3288,156
2020-06-05,HB,1498,44
2020-06-05,HH,5107,253
2020-06-05,HE,10163,482
2020-06-05,MV,764,20
2020-06-05,NI,12277,604
2020-06-05,NW,38439,1617
2020-06-05,RP,6732,230
2020-06-05,SL,2738,166
2020-06-05,SN,5315,212
2020-06-05,ST,1712,55
2020-06-05,SH,3103,146
2020-06-05,TH,3051,169
2020-06-05,DE,183271,8613
2020-06-06,BW,34898,1790
2020-06-06,BY,47326,2489
2020-06-06,BE,6964,201
2020-06-06,BB,3294,158
2020-06-06,HB,1513,44
2020-06-06,HH,5111,254
2020-06-06,HE,10171,483
2020-06-06,MV,766,20
2020-06-06,NI,12399,605
2020-06-06,NW,38524,1622
2020-06-06,RP,6761,230
2020-06-06,SL,2740,166
2020-06-06,SN,5321,212
2020-06-06,ST,1717,55
2020-06-06,SH,3107,147
2020-06-06,TH,3066,170
2020-06-06,DE,183678,8646
2020-06-07,BW,34912,1791
2020-06-07,BY,47334,2501
2020-06-07,BE,6997,205
2020-06-07,BB,3297,158
2020-06-07,HB,1517,44
2020-06-07,HH,5113,254
2020-06-07,HE,10203,484
2020-06-07,MV,773,20
2020-06-07,NI,12466,605
2020-06-07,NW,38616,1623
2020-06-07,RP,6775,230
2020-06-07,SL,2747,166
2020-06-07,SN,5323,214
2020-06-07,ST,1720,56
2020-06-07,SH,3109,147
2020-06-07,TH,3077,170
2020-06-07,DE,183979,8668
2020-06-08,BW,34937,1791
2020-06-08,BY,47371,2505
2020-06-08,BE,7016,205
2020-06-08,BB,3304,160
2020-06-08,HB,1531,44
2020-06-08,HH,5115,254
2020-06-08,HE,10207,484
2020-06-08,MV,774,20
2020-06-08,NI,12509,605
2020-06-08,NW,38660,1623
2020-06-08,RP,6781,230
2020-06-08,SL,2747,166
2020-06-08,SN,5330,214
2020-06-08,ST,1720,56
2020-06-08,SH,3110,147
2020-06-08,TH,3081,170
2020-06-08,DE,184193,8674
2020-06-09,BW,34958,1795
2020-06-09,BY,47423,2521
2020-06-09,BE,7042,205
2020-06-09,BB,3302,160
2020-06-09,HB,1532,43
2020-06-09,HH,5117,254
2020-06-09,HE,10237,484
2020-06-09,MV,780,20
2020-06-09,NI,12601,606
2020-06-09,NW,38743,1635
2020-06-09,RP,6787,230
2020-06-09,SL,2754,167
2020-06-09,SN,5333,217
2020-06-09,ST,1720,56
2020-06-09,SH,3114,148
2020-06-09,TH,3100,170
2020-06-09,DE,184543,8711
2020-06-10,BW,34965,1798
2020-06-10,BY,47479,2531
2020-06-10,BE,7082,206
2020-06-10,BB,3309,160
2020-06-10,HB,1547,43
2020-06-10,HH,5121,254
2020-06-10,HE,10256,485
2020-06-10,MV,777,20
2020-06-10,NI,12626,607
2020-06-10,NW,38845,1636
2020-06-10,RP,6810,231
2020-06-10,SL,2763,167
2020-06-10,SN,5337,217
2020-06-10,ST,1721,56
2020-06-10,SH,3115,148
2020-06-10,TH,3108,170
2020-06-10,DE,184861,8729
2020-06-11,BW,35002,1801
2020-06-11,BY,47536,2536
2020-06-11,BE,7138,208
2020-06-11,BB,3352,161
2020-06-11,HB,1565,43
2020-06-11,HH,5125,254
2020-06-11,HE,10296,489
2020-06-11,MV,778,20
2020-06-11,NI,12727,610
2020-06-11,NW,38983,1641
2020-06-11,RP,6827,231
2020-06-11,SL,2766,167
2020-06-11,SN,5346,219
2020-06-11,ST,1728,56
2020-06-11,SH,3117,148
2020-06-11,TH,3130,171
2020-06-11,DE,185416,8755
2020-06-12,BW,35057,1802
2020-06-12,BY,47574,2538
2020-06-12,BE,7165,208
2020-06-12,BB,3306,161
2020-06-12,HB,1573,45
2020-06-12,HH,5134,254
2020-06-12,HE,10313,489
2020-06-12,MV,780,20
2020-06-12,NI,12777,610
2020-06-12,NW,39060,1643
2020-06-12,RP,6827,231
2020-06-12,SL,2769,168
2020-06-12,SN,5344,219
2020-06-12,ST,1732,56
2020-06-12,SH,3120,148
2020-06-12,TH,3143,171
2020-06-12,DE,185674,8763
2020-06-13,BW,35090,1805
2020-06-13,BY,47612,2540
2020-06-13,BE,7252,208
2020-06-13,BB,3326,163
2020-06-13,HB,1581,45
2020-06-13,HH,5139,255
2020-06-13,HE,10321,491
2020-06-13,MV,781,20
2020-06-13,NI,12822,613
2020-06-13,NW,39137,1643
2020-06-13,RP,6838,231
2020-06-13,SL,2770,168
2020-06-13,SN,5345,219
2020-06-13,ST,1734,56
2020-06-13,SH,3120,150
2020-06-13,TH,3154,174
2020-06-13,DE,186022,8781
2020-06-14,BW,35090,1805
2020-06-14,BY,47626,2541
2020-06-14,BE,7282,208
2020-06-14,BB,3326,163
2020-06-14,HB,1589,46
2020-06-14,HH,5139,255
2020-06-14,HE,10324,491
2020-06-14,MV,782,20
2020-06-14,NI,12874,614
2020-06-14,NW,39233,1645
2020-06-14,RP,6840,231
2020-06-14,SL,2772,168
2020-06-14,SN,5346,218
2020-06-14,ST,1756,57
2020-06-14,SH,3121,151
2020-06-14,TH,3169,174
2020-06-14,DE,186269,8787
2020-06-15,BW,35090,1805
2020-06-15,BY,47642,2541
2020-06-15,BE,7322,208
2020-06-15,BB,3329,163
2020-06-15,HB,1592,48
2020-06-15,HH,5144,255
2020-06-15,HE,10324,491
2020-06-15,MV,782,20
2020-06-15,NI,12909,614
2020-06-15,NW,39307,1646
2020-06-15,RP,6841,231
2020-06-15,SL,2772,168
2020-06-15,SN,5347,219
2020-06-15,ST,1768,57
2020-06-15,SH,3121,151
2020-06-15,TH,3171,174
2020-06-15,DE,186461,8791
2020-06-16,BW,35150,1808
2020-06-16,BY,47690,2540
2020-06-16,BE,7369,208
2020-06-16,BB,3334,163
2020-06-16,HB,1593,48
2020-06-16,HH,5147,255
2020-06-16,HE,10371,495
2020-06-16,MV,784,20
2020-06-16,NI,12950,614
2020-06-16,NW,39415,1648
2020-06-16,RP,6846,231
2020-06-16,SL,2773,168
2020-06-16,SN,5349,220
2020-06-16,ST,1771,57
2020-06-16,SH,3122,151
2020-06-16,TH,3175,174
2020-06-16,DE,186839,8800
2020-06-17,BW,35177,1811
2020-06-17,BY,47710,2546
2020-06-17,BE,7402,209
2020-06-17,BB,3362,163
2020-06-17,HB,1607,49
2020-06-17,HH,5149,257
2020-06-17,HE,10386,496
2020-06-17,MV,786,20
2020-06-17,NI,12968,615
2020-06-17,NW,39573,1655
2020-06-17,RP,6856,233
2020-06-17,SL,2773,168
2020-06-17,SN,5350,221
2020-06-17,ST,1775,57
2020-06-17,SH,3122,152
2020-06-17,TH,3188,178
2020-06-17,DE,187184,8830
2020-06-18,BW,35218,1816
2020-06-18,BY,47747,2556
2020-06-18,BE,7475,210
2020-06-18,BB,3365,163
2020-06-18,HB,1619,49
2020-06-18,HH,5154,259
2020-06-18,HE,10440,498
2020-06-18,MV,787,20
2020-06-18,NI,13063,618
2020-06-18,NW,39777,1658
2020-06-18,RP,6874,234
2020-06-18,SL,2773,168
2020-06-18,SN,5359,221
2020-06-18,ST,1802,57
2020-06-18,SH,3122,152
2020-06-18,TH,3189,177
2020-06-18,DE,187764,8856
2020-06-19,BW,35236,1821
2020-06-19,BY,47799,2562
2020-06-19,BE,7603,211
2020-06-19,BB,3374,163
2020-06-19,HB,1626,49
2020-06-19,HH,5156,259
2020-06-19,HE,10503,499
2020-06-19,MV,791,20
2020-06-19,NI,13097,618
2020-06-19,NW,40156,1660
2020-06-19,RP,6883,234
2020-06-19,SL,2774,168
2020-06-19,SN,5382,221
2020-06-19,ST,1818,57
2020-06-19,SH,3131,152
2020-06-19,TH,3205,178
2020-06-19,DE,188534,8872
2020-06-20,BW,35272,1824
2020-06-20,BY,47827,2566
2020-06-20,BE,7733,211
2020-06-20,BB,3383,163
2020-06-20,HB,1636,49
2020-06-20,HH,5160,259
2020-06-20,HE,10556,500
2020-06-20,MV,791,20
2020-06-20,NI,13136,618
2020-06-20,NW,40372,1663
2020-06-20,RP,6903,234
2020-06-20,SL,2776,168
2020-06-20,SN,5408,221
2020-06-20,ST,1839,57
2020-06-20,SH,3133,152
2020-06-20,TH,3210,178
2020-06-20,DE,189135,8883
2020-06-21,BW,35272,1824
2020-06-21,BY,47843,2565
2020-06-21,BE,7804,211
2020-06-21,BB,3388,163
2020-06-21,HB,1645,49
2020-06-21,HH,5163,259
2020-06-21,HE,10575,500
2020-06-21,MV,792,20
2020-06-21,NI,13136,618
2020-06-21,NW,40921,1663
2020-06-21,RP,6907,234
2020-06-21,SL,2778,168
2020-06-21,SN,5408,221
2020-06-21,ST,1842,57
2020-06-21,SH,3134,152
2020-06-21,TH,3214,178
2020-06-21,DE,189822,8882
2020-06-22,BW,35272,1824
2020-06-22,BY,47867,2567
2020-06-22,BE,7833,211
2020-06-22,BB,3394,163
2020-06-22,HB,1648,49
2020-06-22,HH,5170,259
2020-06-22,HE,10578,501
2020-06-22,MV,792,20
2020-06-22,NI,13283,618
2020-06-22,NW,41218,1663
2020-06-22,RP,6917,234
2020-06-22,SL,2778,168
2020-06-22,SN,5408,221
2020-06-22,ST,1844,57
2020-06-22,SH,3136,152
2020-06-22,TH,3221,178
2020-06-22,DE,190359,8885
2020-06-23,BW,35365,1826
2020-06-23,BY,47894,2571
2020-06-23,BE,7916,211
2020-06-23,BB,3407,164
2020-06-23,HB,1654,49
2020-06-23,HH,5170,259
2020-06-23,HE,10613,501
2020-06-23,MV,792,20
2020-06-23,NI,13312,619
2020-06-23,NW,41418,1665
2020-06-23,RP,6919,234
2020-06-23,SL,2778,168
2020-06-23,SN,5408,221
2020-06-23,ST,1851,57
2020-06-23,SH,3136,152
2020-06-23,TH,3229,178
2020-06-23,DE,190862,8895
2020-06-24,BW,35409,1826
2020-06-24,BY,47995,2578
2020-06-24,BE,7975,211
2020-06-24,BB,3413,164
2020-06-24,HB,1653,49
2020-06-24,HH,5175,259
2020-06-24,HE,10645,503
2020-06-24,MV,794,20
2020-06-24,NI,13327,622
2020-06-24,NW,41678,1668
2020-06-24,RP,6924,235
2020-06-24,SL,2801,169
2020-06-24,SN,5436,222
2020-06-24,ST,1856,58
2020-06-24,SH,3137,152
2020-06-24,TH,3231,178
2020-06-24,DE,191449,8914
2020-06-25,BW,35446,1827
2020-06-25,BY,48122,2583
2020-06-25,BE,8021,212
2020-06-25,BB,3428,165
2020-06-25,HB,1653,49
2020-06-25,HH,5175,259
2020-06-25,HE,10666,505
2020-06-25,MV,796,20
2020-06-25,NI,13378,623
2020-06-25,NW,41992,1669
2020-06-25,RP,6940,235
2020-06-25,SL,2801,169
2020-06-25,SN,5438,223
2020-06-25,ST,1858,58
2020-06-25,SH,3140,152
2020-06-25,TH,3225,178
2020-06-25,DE,192079,8927
2020-06-26,BW,35476,1830
2020-06-26,BY,48202,2594
2020-06-26,BE,8096,212
2020-06-26,BB,3437,165
2020-06-26,HB,1658,49
2020-06-26,HH,5173,259
2020-06-26,HE,10707,505
2020-06-26,MV,797,20
2020-06-26,NI,13422,625
2020-06-26,NW,42150,1673
2020-06-26,RP,6951,235
2020-06-26,SL,2802,171
2020-06-26,SN,5439,222
2020-06-26,ST,1862,58
2020-06-26,SH,3144,152
2020-06-26,TH,3240,178
2020-06-26,DE,192556,8948
2020-06-27,BW,35530,1829
2020-06-27,BY,48262,2591
2020-06-27,BE,8145,213
2020-06-27,BB,3437,165
2020-06-27,HB,1659,50
2020-06-27,HH,5178,259
2020-06-27,HE,10731,506
2020-06-27,MV,798,20
2020-06-27,NI,13456,627
2020-06-27,NW,42571,1674
2020-06-27,RP,6971,235
2020-06-27,SL,2802,172
2020-06-27,SN,5444,222
2020-06-27,ST,1865,58
2020-06-27,SH,3146,152
2020-06-27,TH,3248,181
2020-06-27,DE,193243,8954
2020-06-28,BW,35530,1829
2020-06-28,BY,48294,2592
2020-06-28,BE,8168,213
2020-06-28,BB,3417,165
2020-06-28,HB,1661,50
2020-06-28,HH,5178,259
2020-06-28,HE,10761,506
2020-06-28,MV,801,20
2020-06-28,NI,13478,628
2020-06-28,NW,42723,1674
2020-06-28,RP,6974,235
2020-06-28,SL,2805,173
2020-06-28,SN,5444,222
2020-06-28,ST,1868,58
2020-06-28,SH,3147,152
2020-06-28,TH,3250,181
2020-06-28,DE,193499,8957
2020-06-29,BW,35530,1829
2020-06-29,BY,48344,2592
2020-06-29,BE,8176,213
2020-06-29,BB,3419,165
2020-06-29,HB,1661,50
2020-06-29,HH,5194,259
2020-06-29,HE,10762,506
2020-06-29,MV,801,20
2020-06-29,NI,13502,628
2020-06-29,NW,42869,1678
2020-06-29,RP,6987,235
2020-06-29,SL,2806,173
2020-06-29,SN,5444,222
2020-06-29,ST,1869,58
2020-06-29,SH,3147,152
2020-06-29,TH,3250,181
2020-06-29,DE,193761,8961
2020-06-30,BW,35620,1830
2020-06-30,BY,48400,2594
2020-06-30,BE,8220,214
2020-06-30,BB,3429,165
2020-06-30,HB,1662,53
2020-06-30,HH,5201,259
2020-06-30,HE,10795,508
2020-06-30,MV,802,20
2020-06-30,NI,13535,628
2020-06-30,NW,43066,1680
2020-06-30,RP,6996,235
2020-06-30,SL,2806,173
2020-06-30,SN,5448,223
2020-06-30,ST,1871,58
2020-06-30,SH,3154,152
2020-06-30,TH,3254,181
2020-06-30,DE,194259,8973
2020-07-01,BW,35694,1838
2020-07-01,BY,48480,2594
2020-07-01,BE,8243,214
2020-07-01,BB,3440,165
2020-07-01,HB,1667,53
2020-07-01,HH,5204,259
2020-07-01,HE,10811,507
2020-07-01,MV,803,20
2020-07-01,NI,13577,629
2020-07-01,NW,43242,1683
2020-07-01,RP,7022,235
2020-07-01,SL,2806,173
2020-07-01,SN,5451,223
2020-07-01,ST,1873,59
2020-07-01,SH,3159,152
2020-07-01,TH,3253,181
2020-07-01,DE,194725,8985
2020-07-02,BW,35744,1838
2020-07-02,BY,48547,2597
2020-07-02,BE,8302,214
2020-07-02,BB,3443,165
2020-07-02,HB,1670,53
2020-07-02,HH,5211,260
2020-07-02,HE,10869,507
2020-07-02,MV,803,20
2020-07-02,NI,13605,632
2020-07-02,NW,43436,1684
2020-07-02,RP,7036,235
2020-07-02,SL,2807,173
2020-07-02,SN,5457,224
2020-07-02,ST,1876,59
2020-07-02,SH,3163,152
2020-07-02,TH,3259,181
2020-07-02,DE,195228,8994
2020-07-03,BW,35771,1839
2020-07-03,BY,48587,2598
2020-07-03,BE,8345,214
2020-07-03,BB,3450,166
2020-07-03,HB,1675,53
2020-07-03,HH,5212,260
2020-07-03,HE,10894,509
2020-07-03,MV,803,20
2020-07-03,NI,13632,633
2020-07-03,NW,43660,1686
2020-07-03,RP,7068,235
2020-07-03,SL,2805,174
2020-07-03,SN,5453,224
2020-07-03,ST,1878,59
2020-07-03,SH,3176,152
2020-07-03,TH,3265,181
2020-07-03,DE,195674,9003
2020-07-04,BW,35807,1837
2020-07-04,BY,48655,2600
2020-07-04,BE,8393,214
2020-07-04,BB,3459,167
2020-07-04,HB,1675,53
2020-07-04,HH,5217,260
2020-07-04,HE,10918,511
2020-07-04,MV,804,20
2020-07-04,NI,13647,635
2020-07-04,NW,43853,1688
2020-07-04,RP,7080,235
2020-07-04,SL,2805,174
2020-07-04,SN,5458,224
2020-07-04,ST,1880,59
2020-07-04,SH,3178,152
2020-07-04,TH,3267,181
2020-07-04,DE,196096,9010
2020-07-05,BW,35807,1837
2020-07-05,BY,48665,2600
2020-07-05,BE,8434,215
2020-07-05,BB,3460,167
2020-07-05,HB,1678,53
2020-07-05,HH,5220,261
2020-07-05,HE,10939,512
2020-07-05,MV,804,20
2020-07-05,NI,13664,635
2020-07-05,NW,43990,1687
2020-07-05,RP,7080,235
2020-07-05,SL,2805,174
2020-07-05,SN,5458,224
2020-07-05,ST,1880,59
2020-07-05,SH,3181,152
2020-07-05,TH,3270,181
2020-07-05,DE,196335,9012
2020-07-06,BW,35807,1837
2020-07-06,BY,48744,2600
2020-07-06,BE,8451,215
2020-07-06,BB,3464,168
2020-07-06,HB,1679,54
2020-07-06,HH,5220,261
2020-07-06,HE,10955,512
2020-07-06,MV,804,20
2020-07-06,NI,13672,635
2020-07-06,NW,44064,1689
2020-07-06,RP,7082,235
2020-07-06,SL,2806,174
2020-07-06,SN,5458,224
2020-07-06,ST,1889,59
2020-07-06,SH,3187,152
2020-07-06,TH,3272,181
2020-07-06,DE,196554,9016
2020-07-07,BW,35862,1837
2020-07-07,BY,48852,2606
2020-07-07,BE,8462,215
2020-07-07,BB,3468,168
2020-07-07,HB,1679,54
2020-07-07,HH,5223,261
2020-07-07,HE,10985,512
2020-07-07,MV,805,20
2020-07-07,NI,13731,637
2020-07-07,NW,44158,1689
2020-07-07,RP,7094,235
2020-07-07,SL,2806,174
2020-07-07,SN,5459,224
2020-07-07,ST,1894,59
2020-07-07,SH,3189,152
2020-07-07,TH,3277,181
2020-07-07,DE,196944,9024
2020-07-08,BW,35890,1837
2020-07-08,BY,48953,2607
2020-07-08,BE,8502,215
2020-07-08,BB,3476,168
2020-07-08,HB,1679,54
2020-07-08,HH,5224,261
2020-07-08,HE,11012,512
2020-07-08,MV,805,20
2020-07-08,NI,13748,639
2020-07-08,NW,44306,1696
2020-07-08,RP,7100,235
2020-07-08,SL,2808,174
2020-07-08,SN,5465,224
2020-07-08,ST,1896,59
2020-07-08,SH,3194,153
2020-07-08,TH,3283,182
2020-07-08,DE,197341,9036
2020-07-09,BW,35942,1838
2020-07-09,BY,49023,2609
2020-07-09,BE,8537,216
2020-07-09,BB,3483,168
2020-07-09,HB,1684,54
2020-07-09,HH,5230,261
2020-07-09,HE,11062,514
2020-07-09,MV,805,20
2020-07-09,NI,13754,640
2020-07-09,NW,44492,1698
2020-07-09,RP,7112,236
2020-07-09,SL,2809,174
2020-07-09,SN,5466,225
2020-07-09,ST,1898,60
2020-07-09,SH,3200,153
2020-07-09,TH,3286,182
2020-07-09,DE,197783,9048
2020-07-10,BW,35990,1837
2020-07-10,BY,49086,2610
2020-07-10,BE,8586,216
2020-07-10,BB,3452,168
2020-07-10,HB,1688,54
2020-07-10,HH,5231,261
2020-07-10,HE,11104,514
2020-07-10,MV,803,20
2020-07-10,NI,13791,641
2020-07-10,NW,44645,1701
2020-07-10,RP,7126,236
2020-07-10,SL,2812,174
2020-07-10,SN,5469,225
2020-07-10,ST,1905,61
2020-07-10,SH,3202,154
2020-07-10,TH,3288,182
2020-07-10,DE,198178,9054
2020-07-11,BW,36041,1837
2020-07-11,BY,49184,2612
2020-07-11,BE,8617,216
2020-07-11,BB,3459,168
2020-07-11,HB,1689,55
2020-07-11,HH,5230,261
2020-07-11,HE,11122,514
2020-07-11,MV,804,20
2020-07-11,NI,13799,641
2020-07-11,NW,44788,1704
2020-07-11,RP,7136,236
2020-07-11,SL,2812,174
2020-07-11,SN,5473,225
2020-07-11,ST,1907,61
2020-07-11,SH,3206,154
2020-07-11,TH,3289,182
2020-07-11,DE,198556,9060
2020-07-12,BW,36041,1837
2020-07-12,BY,49204,2612
2020-07-12,BE,8637,217
2020-07-12,BB,3462,168
2020-07-12,HB,1689,55
2020-07-12,HH,5230,261
2020-07-12,HE,11162,514
2020-07-12,MV,804,20
2020-07-12,NI,13804,642
2020-07-12,NW,44915,1704
2020-07-12,RP,7157,236
2020-07-12,SL,2812,174
2020-07-12,SN,5473,225
2020-07-12,ST,1917,62
2020-07-12,SH,3206,154
2020-07-12,TH,3291,182
2020-07-12,DE,198804,9063
2020-07-13,BW,36041,1837
2020-07-13,BY,49273,2612
2020-07-13,BE,8638,217
2020-07-13,BB,3462,168
2020-07-13,HB,1690,55
2020-07-13,HH,5231,261
2020-07-13,HE,11169,514
2020-07-13,MV,804,20
2020-07-13,NI,13806,642
2020-07-13,NW,44974,1705
2020-07-13,RP,7174,236
2020-07-13,SL,2812,174
2020-07-13,SN,5473,225
2020-07-13,ST,1917,62
2020-07-13,SH,3207,154
2020-07-13,TH,3292,182
2020-07-13,DE,198963,9064
2020-07-14,BW,36111,1837
2020-07-14,BY,49350,2613
2020-07-14,BE,8656,219
2020-07-14,BB,3462,167
2020-07-14,HB,1691,55
2020-07-14,HH,5231,261
2020-07-14,HE,11206,514
2020-07-14,MV,804,20
2020-07-14,NI,13823,642
2020-07-14,NW,45115,1707
2020-07-14,RP,7196,236
2020-07-14,SL,2819,174
2020-07-14,SN,5476,225
2020-07-14,ST,1919,62
2020-07-14,SH,3221,154
2020-07-14,TH,3295,182
2020-07-14,DE,199375,9068
2020-07-15,BW,36162,1838
2020-07-15,BY,49427,2613
2020-07-15,BE,8674,220
2020-07-15,BB,3465,167
2020-07-15,HB,1691,55
2020-07-15,HH,5231,261
2020-07-15,HE,11217,514
2020-07-15,MV,804,20
2020-07-15,NI,13848,642
2020-07-15,NW,45233,1708
2020-07-15,RP,7222,236
2020-07-15,SL,2823,174
2020-07-15,SN,5478,225
2020-07-15,ST,1921,62
2020-07-15,SH,3229,154
2020-07-15,TH,3301,182
2020-07-15,DE,199726,9071
2020-07-16,BW,36227,1838
2020-07-16,BY,49538,2613
2020-07-16,BE,8699,221
2020-07-16,BB,3466,167
2020-07-16,HB,1697,55
2020-07-16,HH,5233,261
2020-07-16,HE,11283,514
2020-07-16,MV,805,20
2020-07-16,NI,13887,643
2020-07-16,NW,45388,1711
2020-07-16,RP,7258,238
2020-07-16,SL,2824,174
2020-07-16,SN,5484,225
2020-07-16,ST,1926,62
2020-07-16,SH,3235,154
2020-07-16,TH,3310,182
2020-07-16,DE,200260,9078
2020-07-17,BW,36264,1839
2020-07-17,BY,49631,2616
2020-07-17,BE,8725,221
2020-07-17,BB,3470,167
2020-07-17,HB,1701,55
2020-07-17,HH,5232,260
2020-07-17,HE,11324,514
2020-07-17,MV,805,20
2020-07-17,NI,13905,644
2020-07-17,NW,45710,1711
2020-07-17,RP,7275,238
2020-07-17,SL,2827,174
2020-07-17,SN,5485,225
2020-07-17,ST,1936,62
2020-07-17,SH,3238,154
2020-07-17,TH,3315,182
2020-07-17,DE,200843,9082
2020-07-18,BW,36342,1838
2020-07-18,BY,49702,2616
2020-07-18,BE,8748,221
2020-07-18,BB,3476,167
2020-07-18,HB,1709,55
2020-07-18,HH,5237,261
2020-07-18,HE,11371,514
2020-07-18,MV,806,20
2020-07-18,NI,13952,644
2020-07-18,NW,45910,1712
2020-07-18,RP,7293,238
2020-07-18,SL,2828,174
2020-07-18,SN,5488,225
2020-07-18,ST,1939,62
2020-07-18,SH,3251,154
2020-07-18,TH,3320,182
2020-07-18,DE,201372,9083
2020-07-19,BW,36342,1838
2020-07-19,BY,49710,2616
2020-07-19,BE,8774,221
2020-07-19,BB,3476,167
2020-07-19,HB,1718,55
2020-07-19,HH,5240,261
2020-07-19,HE,11386,514
2020-07-19,MV,806,20
2020-07-19,NI,13963,645
2020-07-19,NW,46024,1712
2020-07-19,RP,7299,238
2020-07-19,SL,2828,174
2020-07-19,SN,5488,225
2020-07-19,ST,1946,62
2020-07-19,SH,3253,154
2020-07-19,TH,3321,182
2020-07-19,DE,201574,9084
2020-07-20,BW,36342,1838
2020-07-20,BY,49775,2616
2020-07-20,BE,8779,221
2020-07-20,BB,3483,167
2020-07-20,HB,1720,55
2020-07-20,HH,5240,261
2020-07-20,HE,11409,514
2020-07-20,MV,806,20
2020-07-20,NI,14030,645
2020-07-20,NW,46075,1713
2020-07-20,RP,7314,238
2020-07-20,SL,2830,174
2020-07-20,SN,5488,225
2020-07-20,ST,1950,62
2020-07-20,SH,3261,155
2020-07-20,TH,3321,182
2020-07-20,DE,201823,9086
2020-07-21,BW,36492,1838
2020-07-21,BY,49872,2617
2020-07-21,BE,8802,221
2020-07-21,BB,3485,167
2020-07-21,HB,1721,55
2020-07-21,HH,5241,261
2020-07-21,HE,11430,515
2020-07-21,MV,809,20
2020-07-21,NI,14059,646
2020-07-21,NW,46213,1714
2020-07-21,RP,7338,238
2020-07-21,SL,2832,174
2020-07-21,SN,5501,225
2020-07-21,ST,1956,62
2020-07-21,SH,3271,155
2020-07-21,TH,3323,182
2020-07-21,DE,202345,9090
2020-07-22,BW,36556,1838
2020-07-22,BY,49954,2617
2020-07-22,BE,8837,222
2020-07-22,BB,3497,167
2020-07-22,HB,1725,55
2020-07-22,HH,5244,261
2020-07-22,HE,11458,515
2020-07-22,MV,811,20
2020-07-22,NI,14101,647
2020-07-22,NW,46367,1717
2020-07-22,RP,7346,238
2020-07-22,SL,2835,174
2020-07-22,SN,5503,225
2020-07-22,ST,1961,62
2020-07-22,SH,3278,155
2020-07-22,TH,3326,182
2020-07-22,DE,202799,9095
2020-07-23,BW,36565,1838
2020-07-23,BY,50049,2618
2020-07-23,BE,8860,222
2020-07-23,BB,3510,167
2020-07-23,HB,1727,55
2020-07-23,HH,5251,261
2020-07-23,HE,11534,516
2020-07-23,MV,815,20
2020-07-23,NI,14133,647
2020-07-23,NW,46615,1721
2020-07-23,RP,7374,238
2020-07-23,SL,2840,174
2020-07-23,SN,5503,225
2020-07-23,ST,1973,62
2020-07-23,SH,3292,155
2020-07-23,TH,3327,182
2020-07-23,DE,203368,9101
2020-07-24,BW,36731,1839
2020-07-24,BY,50112,2619
2020-07-24,BE,8894,222
2020-07-24,BB,3523,168
2020-07-24,HB,1733,55
2020-07-24,HH,5275,261
2020-07-24,HE,11591,517
2020-07-24,MV,826,20
2020-07-24,NI,14185,647
2020-07-24,NW,46956,1726
2020-07-24,RP,7397,238
2020-07-24,SL,2841,174
2020-07-24,SN,5506,225
2020-07-24,ST,1975,63
2020-07-24,SH,3299,155
2020-07-24,TH,3339,182
2020-07-24,DE,204183,9111
2020-07-25,BW,36819,1841
2020-07-25,BY,50260,2619
2020-07-25,BE,8957,223
2020-07-25,BB,3524,168
2020-07-25,HB,1742,55
2020-07-25,HH,5291,261
2020-07-25,HE,11649,518
2020-07-25,MV,843,20
2020-07-25,NI,14222,648
2020-07-25,NW,47257,1728
2020-07-25,RP,7409,238
2020-07-25,SL,2849,174
2020-07-25,SN,5512,225
2020-07-25,ST,1979,63
2020-07-25,SH,3311,155
2020-07-25,TH,3340,182
2020-07-25,DE,204964,9118
2020-07-26,BW,36819,1841
2020-07-26,BY,50282,2619
2020-07-26,BE,8991,223
2020-07-26,BB,3524,168
2020-07-26,HB,1746,55
2020-07-26,HH,5304,261
2020-07-26,HE,11680,518
2020-07-26,MV,843,20
2020-07-26,NI,14223,648
2020-07-26,NW,47430,1728
2020-07-26,RP,7420,238
2020-07-26,SL,2850,174
2020-07-26,SN,5512,225
2020-07-26,ST,1986,63
2020-07-26,SH,3318,155
2020-07-26,TH,3341,182
2020-07-26,DE,205269,9118
2020-07-27,BW,36819,1841
2020-07-27,BY,50501,2619
2020-07-27,BE,9001,223
2020-07-27,BB,3524,168
2020-07-27,HB,1747,55
2020-07-27,HH,5322,261
2020-07-27,HE,11685,518
2020-07-27,MV,843,20
2020-07-27,NI,14241,648
2020-07-27,NW,47471,1728
2020-07-27,RP,7434,238
2020-07-27,SL,2851,174
2020-07-27,SN,5512,225
2020-07-27,ST,1989,63
2020-07-27,SH,3322,155
2020-07-27,TH,3347,182
2020-07-27,DE,205609,9118
2020-07-28,BW,36917,1841
2020-07-28,BY,50589,2619
2020-07-28,BE,9020,223
2020-07-28,BB,3527,168
2020-07-28,HB,1752,55
2020-07-28,HH,5326,261
2020-07-28,HE,11743,518
2020-07-28,MV,845,20
2020-07-28,NI,14288,648
2020-07-28,NW,47740,1730
2020-07-28,RP,7442,238
2020-07-28,SL,2852,174
2020-07-28,SN,5518,225
2020-07-28,ST,1991,64
2020-07-28,SH,3341,156
2020-07-28,TH,3351,182
2020-07-28,DE,206242,9122
2020-07-29,BW,37038,1843
2020-07-29,BY,50696,2621
2020-07-29,BE,9071,223
2020-07-29,BB,3531,168
2020-07-29,HB,1758,55
2020-07-29,HH,5338,261
2020-07-29,HE,11806,518
2020-07-29,MV,849,20
2020-07-29,NI,14305,649
2020-07-29,NW,47965,1730
2020-07-29,RP,7456,239
2020-07-29,SL,2857,174
2020-07-29,SN,5525,225
2020-07-29,ST,1997,64
2020-07-29,SH,3379,156
2020-07-29,TH,3355,182
2020-07-29,DE,206926,9128
2020-07-30,BW,37115,1845
2020-07-30,BY,50806,2622
2020-07-30,BE,9150,223
2020-07-30,BB,3551,168
2020-07-30,HB,1763,55
2020-07-30,HH,5356,261
2020-07-30,HE,11895,519
2020-07-30,MV,861,20
2020-07-30,NI,14380,649
2020-07-30,NW,48301,1732
2020-07-30,RP,7488,239
2020-07-30,SL,2862,174
2020-07-30,SN,5532,225
2020-07-30,ST,2009,64
2020-07-30,SH,3401,156
2020-07-30,TH,3358,182
2020-07-30,DE,207828,9134
2020-07-31,BW,37224,1847
2020-07-31,BY,50915,2622
2020-07-31,BE,9192,223
2020-07-31,BB,3560,168
2020-07-31,HB,1774,56
2020-07-31,HH,5386,261
2020-07-31,HE,11965,520
2020-07-31,MV,864,20
2020-07-31,NI,14430,651
2020-07-31,NW,48689,1733
2020-07-31,RP,7498,239
2020-07-31,SL,2862,174
2020-07-31,SN,5536,225
2020-07-31,ST,2015,64
2020-07-31,SH,3427,156
2020-07-31,TH,3361,182
2020-07-31,DE,208698,9141
2020-08-01,BW,37272,1847
2020-08-01,BY,51068,2622
2020-08-01,BE,9274,223
2020-08-01,BB,3565,168
2020-08-01,HB,1781,56
2020-08-01,HH,5405,261
2020-08-01,HE,12029,520
2020-08-01,MV,868,20
2020-08-01,NI,14499,652
2020-08-01,NW,49102,1739
2020-08-01,RP,7533,239
2020-08-01,SL,2874,174
2020-08-01,SN,5541,225
2020-08-01,ST,2022,64
2020-08-01,SH,3451,156
2020-08-01,TH,3369,182
2020-08-01,DE,209653,9148
2020-08-02,BW,37272,1847
2020-08-02,BY,51080,2622
2020-08-02,BE,9319,223
2020-08-02,BB,3565,168
2020-08-02,HB,1782,56
2020-08-02,HH,5405,261
2020-08-02,HE,12117,520
2020-08-02,MV,875,20
2020-08-02,NI,14515,653
2020-08-02,NW,49145,1731
2020-08-02,RP,7535,239
2020-08-02,SL,2879,174
2020-08-02,SN,5541,225
2020-08-02,ST,2030,64
2020-08-02,SH,3463,156
2020-08-02,TH,3370,182
2020-08-02,DE,209893,9141
2020-08-03,BW,37272,1847
2020-08-03,BY,51156,2622
2020-08-03,BE,9328,223
2020-08-03,BB,3573,168
2020-08-03,HB,1782,56
2020-08-03,HH,5436,261
2020-08-03,HE,12142,520
2020-08-03,MV,877,20
2020-08-03,NI,14567,653
2020-08-03,NW,49435,1738
2020-08-03,RP,7543,239
2020-08-03,SL,2881,174
2020-08-03,SN,5541,225
2020-08-03,ST,2031,64
2020-08-03,SH,3467,156
2020-08-03,TH,3371,182
2020-08-03,DE,210402,9148
2020-08-04,BW,37455,1847
2020-08-04,BY,51279,2623
2020-08-04,BE,9367,223
2020-08-04,BB,3579,168
2020-08-04,HB,1787,56
2020-08-04,HH,5444,261
2020-08-04,HE,12199,521
2020-08-04,MV,880,20
2020-08-04,NI,14634,653
2020-08-04,NW,49727,1744
2020-08-04,RP,7583,239
2020-08-04,SL,2886,174
2020-08-04,SN,5548,225
2020-08-04,ST,2034,64
2020-08-04,SH,3494,156
2020-08-04,TH,3385,182
2020-08-04,DE,211281,9156
2020-08-05,BW,37514,1847
2020-08-05,BY,51377,2624
2020-08-05,BE,9399,223
2020-08-05,BB,3588,168
2020-08-05,HB,1790,56
2020-08-05,HH,5461,261
2020-08-05,HE,12254,523
2020-08-05,MV,889,20
2020-08-05,NI,14671,654
2020-08-05,NW,50068,1751
2020-08-05,RP,7618,239
2020-08-05,SL,2891,174
2020-08-05,SN,5560,225
2020-08-05,ST,2036,64
2020-08-05,SH,3516,157
2020-08-05,TH,3390,182
2020-08-05,DE,212022,9168
2020-08-06,BW,37574,1851
2020-08-06,BY,51582,2624
2020-08-06,BE,9490,224
2020-08-06,BB,3597,168
2020-08-06,HB,1792,56
2020-08-06,HH,5486,261
2020-08-06,HE,12310,523
2020-08-06,MV,907,20
2020-08-06,NI,14723,654
2020-08-06,NW,50493,1752
2020-08-06,RP,7667,239
2020-08-06,SL,2897,174
2020-08-06,SN,5570,225
2020-08-06,ST,2044,64
2020-08-06,SH,3534,158
2020-08-06,TH,3401,182
2020-08-06,DE,213067,9175
2020-08-07,BW,37642,1852
2020-08-07,BY,51710,2626
2020-08-07,BE,9543,224
2020-08-07,BB,3600,168
2020-08-07,HB,1798,56
2020-08-07,HH,5530,262
2020-08-07,HE,12468,524
2020-08-07,MV,910,20
2020-08-07,NI,14847,654
2020-08-07,NW,50937,1755
2020-08-07,RP,7713,239
2020-08-07,SL,2900,174
2020-08-07,SN,5590,225
2020-08-07,ST,2044,64
2020-08-07,SH,3569,158
2020-08-07,TH,3413,182
2020-08-07,DE,214214,9183
2020-08-08,BW,37749,1858
2020-08-08,BY,51794,2626
2020-08-08,BE,9640,224
2020-08-08,BB,3622,169
2020-08-08,HB,1800,56
2020-08-08,HH,5610,262
2020-08-08,HE,12602,524
2020-08-08,MV,930,20
2020-08-08,NI,14911,654
2020-08-08,NW,51330,1759
2020-08-08,RP,7748,239
2020-08-08,SL,2913,174
2020-08-08,SN,5632,225
2020-08-08,ST,2057,64
2020-08-08,SH,3578,158
2020-08-08,TH,3420,183
2020-08-08,DE,215336,9195
2020-08-09,BW,37767,1858
2020-08-09,BY,51803,2626
2020-08-09,BE,9688,224
2020-08-09,BB,3626,169
2020-08-09,HB,1803,56
2020-08-09,HH,5664,262
2020-08-09,HE,12703,525
2020-08-09,MV,936,20
2020-08-09,NI,14943,654
2020-08-09,NW,51561,1759
2020-08-09,RP,7771,239
2020-08-09,SL,2926,174
2020-08-09,SN,5632,225
2020-08-09,ST,2057,64
2020-08-09,SH,3586,158
2020-08-09,TH,3425,183
2020-08-09,DE,215891,9196
2020-08-10,BW,37791,1858
2020-08-10,BY,51848,2627
2020-08-10,BE,9698,224
2020-08-10,BB,3627,169
2020-08-10,HB,1804,56
2020-08-10,HH,5678,262
2020-08-10,HE,12737,525
2020-08-10,MV,938,20
2020-08-10,NI,14974,654
2020-08-10,NW,51762,1759
2020-08-10,RP,7832,239
2020-08-10,SL,2930,174
2020-08-10,SN,5632,225
2020-08-10,ST,2061,64
2020-08-10,SH,3588,158
2020-08-10,TH,3427,183
2020-08-10,DE,216327,9197
2020-08-11,BW,37896,1858
2020-08-11,BY,51946,2627
2020-08-11,BE,9740,224
2020-08-11,BB,3634,169
2020-08-11,HB,1809,56
2020-08-11,HH,5691,262
2020-08-11,HE,12815,525
2020-08-11,MV,943,20
2020-08-11,NI,15056,654
2020-08-11,NW,52175,1763
2020-08-11,RP,7871,239
2020-08-11,SL,2942,174
2020-08-11,SN,5655,225
2020-08-11,ST,2068,64
2020-08-11,SH,3620,158
2020-08-11,TH,3432,183
2020-08-11,DE,217293,9201
2020-08-12,BW,37975,1859
2020-08-12,BY,52182,2627
2020-08-12,BE,9851,224
2020-08-12,BB,3642,169
2020-08-12,HB,1819,56
2020-08-12,HH,5748,262
2020-08-12,HE,12876,526
2020-08-12,MV,952,20
2020-08-12,NI,15122,655
2020-08-12,NW,52588,1765
2020-08-12,RP,7935,239
2020-08-12,SL,2952,174
2020-08-12,SN,5673,225
2020-08-12,ST,2076,64
2020-08-12,SH,3675,158
2020-08-12,TH,3453,184
2020-08-12,DE,218519,9207
2020-08-13,BW,38162,1859
2020-08-13,BY,52436,2627
2020-08-13,BE,9976,224
2020-08-13,BB,3651,169
2020-08-13,HB,1822,56
2020-08-13,HH,5774,262
2020-08-13,HE,13008,526
2020-08-13,MV,954,20
2020-08-13,NI,15176,655
2020-08-13,NW,53123,1767
2020-08-13,RP,7974,240
2020-08-13,SL,2955,174
2020-08-13,SN,5685,225
2020-08-13,ST,2090,64
2020-08-13,SH,3714,158
2020-08-13,TH,3464,185
2020-08-13,DE,219964,9211
2020-08-14,BW,38270,1859
2020-08-14,BY,52645,2631
2020-08-14,BE,9976,224
2020-08-14,BB,3683,169
2020-08-14,HB,1828,56
2020-08-14,HH,5821,264
2020-08-14,HE,13187,526
2020-08-14,MV,959,20
2020-08-14,NI,15318,656
2020-08-14,NW,53661,1772
2020-08-14,RP,8059,241
2020-08-14,SL,2976,174
2020-08-14,SN,5705,225
2020-08-14,ST,2099,64
2020-08-14,SH,3744,158
2020-08-14,TH,3482,186
2020-08-14,DE,221413,9225
2020-08-15,BW,38422,1859
2020-08-15,BY,52847,2631
2020-08-15,BE,10196,224
2020-08-15,BB,3695,169
2020-08-15,HB,1835,56
2020-08-15,HH,5850,264
2020-08-15,HE,13390,526
2020-08-15,MV,970,20
2020-08-15,NI,15343,656
2020-08-15,NW,54106,1777
2020-08-15,RP,8095,242
2020-08-15,SL,2986,174
2020-08-15,SN,5719,225
2020-08-15,ST,2114,64
2020-08-15,SH,3768,158
2020-08-15,TH,3492,186
2020-08-15,DE,222828,9231
