Datum,BW,BY,BE,BB,HB,HH,HE,MV,NI,NW,RP,SL,SN,ST,SH,TH,Deutschland,Datum
2020-05-06,908,1318,276,125,119,95,447,23,361,1465,208,94,149,54,140,198,5980,2020-05-06
2020-05-07,779,1246,265,116,126,85,420,23,350,1498,176,87,162,50,142,180,5705,2020-05-07
2020-05-08,665,1182,272,117,140,86,424,22,351,1379,157,64,155,52,149,179,5394,2020-05-08
2020-05-09,706,1223,280,131,155,89,415,22,430,1448,159,55,170,60,174,186,5703,2020-05-09
2020-05-10,772,1148,269,118,170,80,456,24,417,1449,149,52,163,58,202,188,5715,2020-05-10
2020-05-11,760,1151,248,118,165,85,444,26,429,1496,171,50,182,57,171,216,5769,2020-05-11
2020-05-12,774,1198,198,105,151,83,442,23,376,1535,185,41,209,56,159,195,5730,2020-05-12
2020-05-13,744,1194,170,72,160,74,407,23,305,1515,160,35,164,39,128,184,5374,2020-05-13
2020-05-14,765,1115,156,50,134,57,387,23,310,1395,152,30,171,37,123,170,5075,2020-05-14
2020-05-15,725,1022,154,55,130,47,350,18,296,1303,148,29,165,36,95,154,4727,2020-05-15
2020-05-16,622,1022,181,49,123,45,322,24,227,1186,159,29,146,36,82,154,4407,2020-05-16
2020-05-17,551,997,184,46,122,45,332,22,262,1219,131,33,148,32,66,137,4327,2020-05-17
2020-05-18,549,982,187,45,117,50,337,23,264,1192,156,33,150,32,48,144,4309,2020-05-18
2020-05-19,483,921,191,42,133,45,336,20,249,1115,170,34,139,31,43,123,4075,2020-05-19
2020-05-20,455,823,182,44,132,41,368,19,269,1175,160,31,132,25,39,107,4002,2020-05-20
2020-05-21,389,798,173,41,120,36,388,23,257,1112,147,27,132,26,34,127,3830,2020-05-21
2020-05-22,287,692,159,29,115,31,423,18,279,1011,128,20,105,19,47,124,3487,2020-05-22
2020-05-23,374,674,172,26,98,23,371,15,336,921,110,18,107,18,63,115,3441,2020-05-23
2020-05-24,374,650,180,18,82,22,428,11,372,865,107,18,94,17,61,118,3417,2020-05-24
2020-05-25,378,712,177,17,85,24,361,10,364,850,96,21,101,15,60,124,3395,2020-05-25
2020-05-26,368,738,155,29,75,23,336,10,361,769,82,22,89,19,64,120,3260,2020-05-26
2020-05-27,311,631,128,33,65,23,314,9,330,712,67,21,69,12,53,109,2887,2020-05-27
2020-05-28,261,695,110,26,73,15,281,1,311,702,76,20,51,11,46,122,2801,2020-05-28
2020-05-29,310,707,136,31,81,12,298,1,344,703,92,20,66,9,29,128,2967,2020-05-29
2020-05-30,288,635,129,32,103,8,289,2,376,713,103,24,66,9,23,126,2962,2020-05-30
2020-05-31,236,621,155,33,100,9,269,3,373,728,96,21,68,11,27,122,2872,2020-05-31
2020-06-01,282,606,168,34,87,9,269,3,415,719,106,20,67,12,30,142,2969,2020-06-01
2020-06-02,263,543,169,29,123,16,252,2,392,640,97,21,58,8,36,126,2775,2020-06-02
2020-06-03,214,442,182,24,124,13,197,2,384,577,65,23,43,7,33,95,2425,2020-06-03
2020-06-04,148,386,168,24,113,14,195,4,330,554,52,21,31,8,33,81,2162,2020-06-04
2020-06-05,131,369,187,22,123,25,172,4,354,576,57,19,21,8,27,63,2158,2020-06-05
2020-06-06,138,362,175,18,109,24,141,5,408,585,68,16,22,12,15,62,2160,2020-06-06
2020-06-07,133,297,184,16,89,26,138,12,416,594,71,22,19,12,13,63,2105,2020-06-07
2020-06-08,147,284,176,23,96,22,131,13,436,594,77,22,26,12,11,60,2130,2020-06-08
2020-06-09,162,305,200,24,96,21,159,13,485,633,79,22,30,12,10,73,2324,2020-06-09
2020-06-10,156,322,200,20,100,24,154,16,452,656,94,29,30,10,10,76,2349,2020-06-10
2020-06-11,167,336,204,40,101,17,161,15,424,694,95,29,29,17,12,80,2421,2020-06-11
2020-06-12,160,289,199,25,75,21,148,16,384,635,67,31,23,15,15,78,2181,2020-06-12
2020-06-13,153,273,254,29,68,22,131,14,339,599,56,27,21,15,13,69,2083,2020-06-13
2020-06-14,123,270,269,28,71,21,115,8,332,600,50,24,17,37,10,78,2053,2020-06-14
2020-06-15,110,249,301,31,60,25,107,8,336,634,50,23,18,48,9,74,2083,2020-06-15
2020-06-16,148,253,318,31,60,25,119,10,323,654,39,15,17,51,8,71,2142,2020-06-16
2020-06-17,145,235,296,43,59,26,118,9,263,692,33,8,11,47,9,71,2065,2020-06-17
2020-06-18,132,201,292,40,54,22,137,9,293,752,44,7,17,71,7,59,2137,2020-06-18
2020-06-19,135,215,370,44,53,17,188,11,277,1069,53,8,39,84,13,49,2625,2020-06-19
2020-06-20,139,217,452,45,55,19,217,9,240,1200,61,9,61,92,14,46,2876,2020-06-20
2020-06-21,129,228,455,45,56,19,217,10,210,1638,64,10,61,84,15,39,3280,2020-06-21
2020-06-22,109,233,472,50,56,25,214,9,344,1860,71,10,60,74,17,41,3645,2020-06-22
2020-06-23,170,246,522,54,61,24,242,7,337,1969,64,9,59,75,15,45,3899,2020-06-23
2020-06-24,175,251,506,48,46,28,235,7,293,2018,57,7,77,68,15,31,3862,2020-06-24
2020-06-25,184,250,465,53,34,21,197,4,291,1715,56,6,50,50,18,26,3420,2020-06-25
2020-06-26,195,272,414,51,32,25,193,5,253,1656,54,5,38,44,13,27,3277,2020-06-26
2020-06-27,212,295,327,40,23,28,159,5,212,1664,63,4,32,26,13,25,3128,2020-06-27
2020-06-28,178,296,317,29,17,24,169,8,192,1532,56,6,23,26,13,19,2905,2020-06-28
2020-06-29,167,318,305,31,14,36,163,8,204,1516,68,7,18,19,11,19,2904,2020-06-29
2020-06-30,206,336,286,35,9,40,175,9,223,1412,72,6,19,15,17,18,2878,2020-06-30
2020-07-01,231,373,240,32,14,34,153,9,194,1343,81,6,13,15,21,16,2775,2020-07-01
2020-07-02,240,384,237,24,15,30,184,7,188,1282,88,6,16,14,23,18,2756,2020-07-02
2020-07-03,222,390,219,27,17,27,170,6,167,1209,107,6,11,14,29,21,2642,2020-07-03
2020-07-04,190,373,224,29,16,24,166,5,150,1138,103,4,16,12,30,18,2498,2020-07-04
2020-07-05,156,340,248,29,17,25,168,3,138,1106,93,3,15,10,30,21,2402,2020-07-05
2020-07-06,145,387,263,30,18,18,182,3,129,1068,88,3,13,17,35,23,2422,2020-07-06
2020-07-07,185,429,221,29,17,19,193,2,153,959,85,3,11,22,34,26,2388,2020-07-07
2020-07-08,168,452,226,31,12,19,190,1,146,930,64,5,13,21,34,27,2339,2020-07-08
2020-07-09,170,459,213,29,13,16,191,1,123,940,47,5,13,22,28,29,2299,2020-07-09
2020-07-10,185,453,205,22,13,15,202,0,121,888,55,7,12,25,24,21,2248,2020-07-10
2020-07-11,199,469,195,20,14,16,189,0,97,857,56,7,14,24,24,22,2203,2020-07-11
2020-07-12,177,417,184,17,11,15,212,0,96,864,69,6,14,33,21,21,2157,2020-07-12
2020-07-13,173,458,183,17,11,14,209,0,81,863,85,6,14,23,17,20,2174,2020-07-13
2020-07-14,208,454,168,15,12,11,219,0,73,918,99,13,13,22,31,18,2274,2020-07-14
2020-07-15,223,437,151,17,10,7,201,0,84,889,118,15,12,21,35,17,2237,2020-07-15
2020-07-16,244,478,130,18,13,8,215,1,86,859,142,15,15,23,34,23,2304,2020-07-16
2020-07-17,228,481,123,19,13,6,217,1,92,1026,141,15,13,29,34,26,2464,2020-07-17
2020-07-18,266,461,115,21,20,10,222,2,127,1065,143,12,14,24,46,30,2578,2020-07-18
2020-07-19,242,409,126,17,29,13,210,2,135,1060,126,10,12,29,48,28,2496,2020-07-19
2020-07-20,226,456,130,23,30,14,230,2,200,1048,126,11,12,31,48,27,2614,2020-07-20
2020-07-21,328,494,125,23,30,14,221,5,208,1092,122,11,23,37,50,26,2809,2020-07-21
2020-07-22,331,488,132,30,34,14,207,7,222,1092,107,12,22,32,50,22,2802,2020-07-22
2020-07-23,294,476,131,39,30,21,234,10,225,1125,114,16,20,38,56,14,2843,2020-07-23
2020-07-24,401,442,148,50,32,40,251,21,256,1203,106,14,21,37,61,21,3104,2020-07-24
2020-07-25,406,494,190,46,33,51,270,36,255,1306,106,20,25,32,59,19,3348,2020-07-25
2020-07-26,350,466,205,39,28,63,269,35,185,1333,103,20,25,31,62,19,3233,2020-07-26
2020-07-27,325,641,215,39,27,79,265,34,192,1323,104,21,24,33,59,24,3405,2020-07-27
2020-07-28,367,656,203,31,31,79,299,36,220,1430,91,21,19,33,69,26,3611,2020-07-28
2020-07-29,435,676,220,22,33,82,336,38,170,1470,89,22,22,28,101,29,3773,2020-07-29
2020-07-30,409,707,274,19,36,75,354,46,194,1537,96,22,28,34,106,31,3968,2020-07-30
2020-07-31,430,714,268,23,41,93,367,38,217,1626,96,20,25,36,125,22,4141,2020-07-31
2020-08-01,369,735,290,27,39,90,360,24,258,1676,115,23,25,37,137,28,4233,2020-08-01
2020-08-02,317,594,317,26,35,75,414,31,245,1715,101,26,24,42,142,23,4127,2020-08-02
2020-08-03,299,586,323,26,35,102,434,33,277,1803,108,28,23,39,139,23,4278,2020-08-03
2020-08-04,406,634,320,28,35,103,434,31,315,1936,131,31,22,39,143,33,4641,2020-08-04
2020-08-05,402,631,289,28,32,105,425,37,296,1990,141,29,30,33,139,32,4639,2020-08-05
2020-08-06,363,722,310,36,29,101,397,45,297,2052,169,29,33,32,128,40,4783,2020-08-06
2020-08-07,340,750,315,30,24,124,473,44,357,2148,190,24,49,25,138,46,5077,2020-08-07
2020-08-08,341,696,336,48,19,184,522,61,367,2174,212,34,87,30,123,47,5281,2020-08-08
2020-08-09,316,632,351,50,21,221,572,56,341,2180,220,36,84,27,115,49,5271,2020-08-09
2020-08-10,329,607,361,48,22,229,585,55,356,2231,275,38,82,29,110,50,5407,2020-08-10
2020-08-11,377,578,355,50,23,201,594,56,377,2348,270,50,92,34,126,45,5576,2020-08-11
2020-08-12,391,646,410,45,29,222,580,55,389,2374,305,55,96,35,159,62,5853,2020-08-12
2020-08-13,491,784,467,46,30,190,597,43,364,2460,289,45,94,46,181,62,6189,2020-08-13
2020-08-14,522,861,383,61,30,176,653,33,424,2571,343,57,72,47,173,66,6472,2020-08-14
2020-08-15,598,986,500,54,35,172,732,33,381,2659,320,60,75,55,187,67,6914,2020-08-15
2020-08-16,598,980,522,51,38,166,699,31,384,2612,292,69,76,58,192,69,6837,2020-08-16
2020-08-17,606,1048,531,56,41,160,734,32,412,2694,306,68,75,56,192,70,7081,2020-08-17
2020-08-18,749,1175,503,54,39,142,828,29,388,2743,325,62,67,50,175,62,7391,2020-08-18
2020-08-19,852,1406,476,66,46,137,897,27,406,2640,391,62,65,46,142,52,7711,2020-08-19
2020-08-20,959,1595,400,60,55,119,928,27,471,2490,430,78,65,48,130,47,7902,2020-08-20
2020-08-21,1076,1676,388,67,57,126,974,25,545,2133,436,63,66,49,129,43,7853,2020-08-21
2020-08-22,1261,1864,420,85,58,122,972,19,595,2293,464,61,69,53,114,48,8498,2020-08-22
2020-08-23,1369,1817,450,83,59,112,1089,21,572,2153,442,70,81,54,108,48,8528,2020-08-23
2020-08-24,1479,1853,458,78,60,139,1110,22,595,2113,462,72,83,54,108,52,8738,2020-08-24
2020-08-25,1450,1835,416,70,62,151,1073,21,586,2018,409,69,74,53,114,57,8458,2020-08-25
2020-08-26,1501,1881,407,74,59,145,1146,20,514,2002,383,65,71,57,129,51,8505,2020-08-26
2020-08-27,1492,1913,417,76,67,137,1018,18,498,1891,364,56,79,54,127,59,8266,2020-08-27
2020-08-28,1518,1967,385,75,74,139,930,16,500,1888,338,55,101,50,122,53,8211,2020-08-28
2020-08-29,1518,1967,385,75,74,139,930,16,500,1888,338,55,101,50,122,53,8211,2020-08-29
2020-08-30,1571,1889,445,60,93,149,754,14,515,1648,343,73,119,47,116,69,7905,2020-08-30
2020-08-31,1597,1931,450,57,89,150,733,13,550,1594,366,72,118,46,117,69,7952,2020-08-31
2020-09-01,1543,1839,435,50,90,140,725,11,481,1651,359,67,137,48,112,68,7756,2020-09-01
2020-09-02,1477,1816,450,36,92,163,653,10,463,1613,371,64,147,40,102,67,7564,2020-09-02
2020-09-03,1426,1626,435,38,95,165,627,14,466,1567,355,65,159,42,107,68,7255,2020-09-03
2020-09-04,1404,1525,459,30,92,192,640,16,498,1544,350,59,162,40,106,60,7177,2020-09-04
2020-09-05,1451,1573,448,46,79,210,590,17,498,1560,299,54,179,40,97,55,7196,2020-09-05
2020-09-06,1438,1719,493,49,78,204,658,16,461,1569,254,45,179,41,96,52,7352,2020-09-06
2020-09-07,1458,1891,512,52,80,185,664,15,478,1608,269,47,178,37,93,60,7627,2020-09-07
2020-09-08,1552,2125,455,59,74,200,669,26,496,1617,300,44,126,39,103,59,7944,2020-09-08
2020-09-09,1530,2114,474,67,72,170,660,28,482,1543,302,50,127,31,105,55,7810,2020-09-09
2020-09-10,1500,2396,459,64,58,213,698,29,495,1589,343,48,160,42,108,66,8268,2020-09-10
2020-09-11,1500,2396,459,64,58,213,698,29,495,1589,343,48,160,42,108,66,8268,2020-09-11
2020-09-12,1440,2415,529,66,61,266,663,30,524,1619,323,32,202,49,99,79,8397,2020-09-12
2020-09-13,1341,2255,520,64,63,275,682,25,520,1666,344,43,206,53,95,90,8242,2020-09-13
2020-09-14,1423,2328,532,65,65,254,696,24,557,1738,363,44,241,67,100,93,8590,2020-09-14
2020-09-15,1269,2324,486,63,64,253,677,28,557,1982,326,46,243,70,104,114,8606,2020-09-15
2020-09-16,1456,2275,538,65,71,267,685,33,620,2199,341,45,236,58,116,123,9128,2020-09-16
2020-09-17,1462,2567,555,76,77,245,721,37,606,2260,352,57,247,65,115,136,9578,2020-09-17
2020-09-18,1563,2459,560,59,65,242,725,46,777,2457,358,58,260,57,138,136,9960,2020-09-18
2020-09-19,1645,2573,658,71,71,251,767,48,827,2674,323,60,273,49,161,148,10599,2020-09-19
2020-09-20,1580,2550,763,71,83,297,743,42,840,2739,317,59,252,86,174,139,10735,2020-09-20
2020-09-21,1638,2629,801,70,82,277,730,41,871,2708,340,60,254,94,180,130,10905,2020-09-21
2020-09-22,1690,2636,854,70,84,296,748,57,822,2839,357,56,294,90,195,133,11221,2020-09-22
2020-09-23,1561,2500,857,69,93,313,762,52,804,2885,354,67,280,93,199,114,11003,2020-09-23
2020-09-24,1500,2437,881,85,90,337,752,57,804,2905,325,55,309,104,210,131,10982,2020-09-24
2020-09-25,1387,2294,943,102,105,317,790,49,761,2900,364,49,293,104,237,124,10819,2020-09-25
2020-09-26,1407,2257,914,104,132,362,847,46,864,2991,349,59,339,90,257,113,11131,2020-09-26
2020-09-27,1205,2194,999,108,153,384,984,38,788,3086,348,60,336,115,243,109,11150,2020-09-27
2020-09-28,1518,2130,1055,108,154,405,987,38,722,3237,410,59,341,143,241,108,11656,2020-09-28
2020-09-29,1636,2148,991,125,162,420,1012,47,883,3384,424,52,330,146,251,83,12094,2020-09-29
2020-09-30,1616,2025,995,110,188,427,1042,45,872,3468,447,37,318,123,267,85,12065,2020-09-30
2020-10-01,1576,2087,1103,131,213,410,1015,54,810,3696,422,47,327,138,268,96,12393,2020-10-01
2020-10-02,1666,2061,1119,120,231,407,1042,58,828,3867,452,64,286,146,238,102,12687,2020-10-02
2020-10-03,1481,2043,1253,138,238,391,1120,67,958,3946,483,91,275,129,233,108,12954,2020-10-03
2020-10-04,1732,2108,1374,158,234,428,1160,59,953,3905,458,83,300,131,226,143,13452,2020-10-04
2020-10-05,1762,2130,1420,183,249,445,1294,56,1021,3986,489,83,321,138,243,145,13965,2020-10-05
2020-10-06,1818,2096,1518,185,249,485,1288,123,1113,4388,551,148,301,145,239,156,14803,2020-10-06
2020-10-07,1956,2131,1590,186,270,507,1383,103,1148,4550,574,164,382,124,247,158,15473,2020-10-07
2020-10-08,2291,2372,1687,225,337,500,1446,119,1233,4851,667,140,424,129,245,147,16813,2020-10-08
2020-10-09,2498,2750,1873,225,367,549,1625,102,1350,5136,653,165,549,129,286,180,18437,2020-10-09
2020-10-10,2621,3034,1967,266,326,540,1883,116,1451,5820,755,175,676,123,302,193,20248,2020-10-10
2020-10-11,2869,3166,2142,285,452,558,1999,90,1405,6128,771,235,737,158,310,222,21527,2020-10-11
2020-10-12,3183,3358,2278,306,463,534,2051,84,1292,6602,913,259,799,176,312,222,22832,2020-10-12
2020-10-13,3504,3596,2219,294,482,513,2142,116,1776,7118,937,262,857,168,342,257,24583,2020-10-13
2020-10-14,3595,3776,2604,436,462,533,2323,154,1768,7446,1005,367,883,151,354,306,26163,2020-10-14
2020-10-15,3838,4193,2612,473,469,563,2620,194,1838,8085,1065,425,1072,168,365,347,28327,2020-10-15
2020-10-16,4226,4647,2710,512,498,603,2940,225,2192,8940,1097,442,1033,179,355,376,30975,2020-10-16
2020-10-17,4683,5131,2882,497,533,486,3372,203,2421,9402,1292,585,1260,210,387,398,33742,2020-10-17
2020-10-18,4740,5748,3075,567,493,714,3465,256,2449,9819,1303,651,1290,312,384,432,35698,2020-10-18
2020-10-19,5138,6220,3226,579,513,792,3671,268,2531,9942,1449,667,1544,318,450,456,37764,2020-10-19
2020-10-20,5277,6685,3102,596,520,742,4055,274,2738,11160,1612,660,1633,346,552,482,40434,2020-10-20
2020-10-21,5419,7213,3399,577,563,852,4395,283,2573,12027,1624,577,1704,366,597,520,42689,2020-10-21
2020-10-22,5938,8051,3785,723,604,859,4800,309,2879,12702,1854,620,1956,412,685,594,46771,2020-10-22
2020-10-23,6803,8753,3882,675,508,975,5063,318,2973,13363,2067,686,2146,505,742,664,50123,2020-10-23
2020-10-24,7496,9767,4139,804,685,1164,5903,389,3441,15703,2348,700,2219,534,882,692,56866,2020-10-24
2020-10-25,8352,10446,4389,887,783,1312,6544,431,3552,17224,2377,895,2662,623,974,878,62329,2020-10-25
2020-10-26,8938,11447,4499,897,826,1382,6853,451,4107,18808,2676,901,2900,671,1055,909,67320,2020-10-26
2020-10-27,9385,12096,4649,865,864,1546,7512,471,4316,20968,2959,986,2963,757,1063,920,72320,2020-10-27
2020-10-28,10114,13758,4789,1015,974,1620,8123,503,4938,21854,3288,956,2783,869,1214,1068,77866,2020-10-28
2020-10-29,10648,14143,5130,1082,1037,1708,8615,578,4832,23605,3386,999,3183,948,1335,1093,82322,2020-10-29
2020-10-30,11000,14972,5361,1091,1092,1725,9165,609,5150,25119,3520,1150,3662,1089,1340,1170,87215,2020-10-30
2020-10-31,11830,15553,5513,1233,1197,1717,9493,690,6098,26306,3955,1041,3766,1107,1456,1295,92250,2020-10-31
2020-11-01,12585,16175,6025,1333,1204,1861,9361,707,6260,26430,3970,1413,3950,1164,1564,1310,95312,2020-11-01
2020-11-02,12913,17074,6040,1495,1290,1932,10113,734,6830,27246,4047,1584,4463,1156,1646,1310,99873,2020-11-02
2020-11-03,12964,17760,5737,1684,1415,1873,10044,687,7104,29158,4416,1619,4659,1137,1632,1384,103273,2020-11-03
2020-11-04,13079,18602,6104,1422,1428,1851,9781,696,7128,30030,4367,1428,4567,1111,1581,1431,104606,2020-11-04
2020-11-05,13486,19118,5959,1412,1478,1844,9553,762,7055,30208,4585,1455,4288,1144,1575,1520,105442,2020-11-05
2020-11-06,13591,19851,6307,1489,1462,2007,9685,779,7012,29586,4715,1355,4885,1203,1535,1568,107030,2020-11-06
2020-11-07,14217,21046,6567,1671,1537,2002,10079,774,6862,30231,4813,1458,5284,1278,1507,1548,110874,2020-11-07
2020-11-08,14999,21440,6915,1637,1533,2285,10362,796,6858,29615,4729,1398,5903,1224,1500,1592,112786,2020-11-08
2020-11-09,15438,22521,6794,1742,1376,2347,10327,807,7467,29801,4857,1324,6313,1269,1521,1662,115566,2020-11-09
2020-11-10,15072,22540,6221,1795,1363,2251,10811,802,7440,30248,5168,1359,6038,1338,1554,1668,115668,2020-11-10
2020-11-11,14721,22405,6450,1692,1268,2085,10964,739,7259,30129,5164,1477,6034,1317,1590,1587,114881,2020-11-11
2020-11-12,14927,23485,6342,1685,1213,1955,11029,580,7434,29575,5220,1520,6022,1306,1595,1631,115519,2020-11-12
2020-11-13,14909,23714,7003,1580,1184,2104,10962,705,7597,29595,5629,1366,5922,1266,1546,1688,116770,2020-11-13
2020-11-14,14968,23465,7159,1583,1065,2173,10526,683,8235,29796,5633,1421,6104,1318,1593,1827,117549,2020-11-14
2020-11-15,14694,23631,7584,1771,1071,2274,10711,676,8375,29736,5670,1563,6236,1255,1506,1797,118550,2020-11-15
2020-11-16,14850,23886,7720,1889,1067,2250,10943,675,7823,29537,5648,1401,6775,1273,1508,1925,119170,2020-11-16
2020-11-17,14782,22744,7575,2005,1020,2032,10276,664,7669,29798,5920,1395,7042,1352,1364,1958,117596,2020-11-17
2020-11-18,14614,22444,7855,1883,1074,1889,9970,698,7045,29598,5724,1339,6539,1367,1435,2044,115518,2020-11-18
2020-11-19,14666,21933,7647,1910,1153,1692,10217,747,6842,29892,5519,1131,7257,1375,1360,2191,115532,2020-11-19
2020-11-20,14829,22100,7334,1924,1012,1873,10708,726,6770,29879,5358,1225,6902,1424,1394,2127,115585,2020-11-20
2020-11-21,14914,22284,7631,2176,1043,1787,10683,742,6986,29975,5277,1234,7057,1549,1365,2425,117128,2020-11-21
2020-11-22,15002,22529,8223,2166,1009,1979,10687,745,6817,28974,5066,1138,7197,1562,1329,2588,117011,2020-11-22
2020-11-23,15471,23144,8064,2427,998,1952,10401,748,7143,28666,5297,1066,7942,1661,1350,2658,118988,2020-11-23
2020-11-24,14080,23366,7257,2264,978,1831,10778,781,7497,28520,5560,1136,7880,1796,1370,2844,117938,2020-11-24
2020-11-25,14612,22767,7167,2222,989,1827,10167,754,7334,28319,5503,1042,7610,1556,1365,2863,116097,2020-11-25
2020-11-26,14286,22705,7397,2329,902,1330,9950,710,6827,27680,5373,1105,7748,1784,1390,3080,114596,2020-11-26
2020-11-27,14344,22511,7068,2383,756,1612,9873,755,6570,26919,5250,876,8201,1826,1384,3179,113507,2020-11-27
2020-11-28,14251,22410,6985,2413,826,1393,9562,744,6841,26092,5109,903,9152,1898,1339,3068,112986,2020-11-28
2020-11-29,14366,22869,6524,2362,672,1506,9545,742,6703,26204,4771,1045,9209,1921,1372,2913,112724,2020-11-29
2020-11-30,14723,22983,7301,2419,633,1471,9393,757,6619,26479,4815,1097,9874,2155,1330,3033,115082,2020-11-30
2020-12-01,14875,22501,6609,2283,793,1361,9633,750,6200,25629,4911,1194,10455,2063,1266,3045,113568,2020-12-01
2020-12-02,14640,22321,6273,2302,808,1254,9625,723,5967,24720,4893,1074,10647,1989,1292,2940,111468,2020-12-02
2020-12-03,14872,22609,5975,2373,788,1277,9243,749,5583,24775,4933,982,10855,2173,1260,2960,111407,2020-12-03
2020-12-04,14842,22443,5886,2563,744,1292,9204,756,5317,24787,5020,952,11237,2251,1278,3412,111984,2020-12-04
2020-12-05,15500,22575,5843,2728,764,1685,8941,784,5863,25191,5343,1246,11421,2328,1358,3551,115121,2020-12-05
2020-12-06,16007,22974,6673,2833,736,1930,9182,758,5749,25063,5164,1271,12240,2322,1424,3554,117880,2020-12-06
2020-12-07,16648,23144,6760,2944,765,2012,9302,812,6090,25458,5480,1099,13108,2433,1502,3790,121347,2020-12-07
2020-12-08,16889,23278,6217,2731,778,1938,9588,833,6067,26270,5088,1335,13005,2681,1577,3902,122177,2020-12-08
2020-12-09,17030,23485,6471,2746,734,1884,9890,919,5931,26478,5660,1346,12835,2711,1686,3987,123793,2020-12-09
2020-12-10,17790,24397,6447,2551,778,1925,9486,1065,6290,25299,5643,1383,12608,2808,1705,4096,124271,2020-12-10
2020-12-11,18747,24699,6708,2840,881,1942,9538,1139,6346,27507,5870,1669,12751,2968,1972,4164,129741,2020-12-11
2020-12-12,19418,25296,6243,3147,870,2003,10870,1257,6879,28524,6272,1684,13930,2967,2110,4474,135944,2020-12-12
2020-12-13,20026,26282,6859,3413,915,2317,11076,1334,6821,29131,6080,1590,14197,3121,2294,4927,140383,2020-12-13
2020-12-14,20789,26728,7083,3825,911,2335,11360,1448,7501,30100,6468,1836,15437,3311,2314,5005,146451,2020-12-14
2020-12-15,21156,25273,6748,3822,887,2370,11546,1466,7259,30832,6822,1853,13383,3338,2376,5354,144485,2020-12-15
2020-12-16,21277,27542,6663,3723,897,2300,11420,1489,7105,30959,6780,1649,16576,3228,2505,5438,149551,2020-12-16
2020-12-17,17728,27626,6535,4097,909,2411,11945,1552,7294,31677,6944,1664,16916,3242,2674,5846,149060,2020-12-17
2020-12-18,21502,27803,6566,4057,870,2439,11211,1607,7825,32349,6718,1727,16894,3384,2705,6057,153714,2020-12-18
2020-12-19,22099,28077,6774,4280,884,2478,12311,1543,8128,32522,6691,1719,17600,3784,2724,6082,157696,2020-12-19
2020-12-20,22651,28591,7618,4443,803,2710,12636,1527,7998,32697,6407,1588,17404,4011,2705,6046,159835,2020-12-20
2020-12-21,23056,28451,7634,4638,889,2725,13149,1551,8760,33426,6791,1641,18095,4134,2713,6259,163912,2020-12-21
2020-12-22,23067,28340,7259,5116,911,2705,12545,1567,9087,34281,6978,1809,17378,4230,2717,6388,164378,2020-12-22
2020-12-23,22435,27228,7577,4808,909,2755,13060,1549,8532,34184,6729,1610,16861,4185,3016,6818,162256,2020-12-23
2020-12-24,22699,27257,7598,4925,940,2833,11644,1537,8830,34548,6741,1678,17333,4429,3199,6995,163186,2020-12-24
2020-12-25,21687,25694,6887,4473,861,2870,12199,1401,8187,32562,6294,1684,17971,4397,3015,6840,157022,2020-12-25
2020-12-26,19458,23678,5637,3657,772,2646,10653,1335,8184,29053,5623,1574,16440,4142,2689,6462,142003,2020-12-26
2020-12-27,17773,22447,5773,3600,701,2565,10176,1247,7776,27022,5550,1419,15303,4108,2492,6190,134142,2020-12-27
2020-12-28,16947,22022,6235,3524,611,2565,9582,1239,7690,26430,5073,1499,15121,4014,2496,6149,131197,2020-12-28
2020-12-29,16319,21201,5325,3414,616,2091,8744,1242,6972,24912,5023,1296,14849,3779,2473,5839,124095,2020-12-29
2020-12-30,15695,20309,5145,3884,646,1917,7949,1324,6362,23782,4713,1112,13436,3440,2395,5442,117551,2020-12-30
2020-12-31,14717,21434,4612,4457,546,1856,8311,1430,6362,22750,4503,1115,13302,3365,2239,5258,116257,2020-12-31
2021-01-01,14365,21649,4657,4965,590,2093,8310,1451,6726,22609,4638,1000,13620,3616,2218,5468,117975,2021-01-01
2021-01-02,14522,21108,4687,4552,579,2189,8454,1487,7112,22169,4829,957,13892,3545,2156,5221,117459,2021-01-02
2021-01-03,14266,20621,4443,4462,556,2180,8437,1459,7114,22030,4822,895,13425,3826,2248,5310,116094,2021-01-03
2021-01-04,14301,20858,4618,4295,552,2027,8397,1472,7282,21620,4825,855,13153,4003,2272,5364,115894,2021-01-04
2021-01-05,13836,21018,4260,3616,547,1882,8244,1552,7057,20990,4699,859,12165,3878,2240,5159,112002,2021-01-05
2021-01-06,13769,18224,4287,3626,502,2085,8161,1551,6109,20699,4512,779,10673,3456,2216,5218,105867,2021-01-06
2021-01-07,11232,15971,4492,3428,504,2084,7939,1656,6050,20928,4403,887,10987,3503,2297,4958,101319,2021-01-07
2021-01-08,12404,17915,5538,5369,501,2172,8268,1740,6758,22912,4743,1265,12118,3955,2417,5480,113555,2021-01-08
2021-01-09,13830,19416,6730,6158,558,2496,9294,1998,8114,25564,5455,1521,13809,4064,2796,6172,127975,2021-01-09
2021-01-10,15412,20474,6978,5890,613,2575,10167,2134,8768,26937,5426,1714,14563,3574,2956,6698,134879,2021-01-10
2021-01-11,15806,21171,6849,6338,619,2585,10223,2157,9490,26924,5673,1655,14652,4733,2895,6746,138516,2021-01-11
2021-01-12,15381,20840,6873,6519,588,2347,9887,2074,9146,26667,5709,1819,13921,5216,2853,6948,136788,2021-01-12
2021-01-13,14397,19390,6737,5791,570,2210,9430,1964,8639,25445,5418,1741,12395,5096,2734,6916,128873,2021-01-13
2021-01-14,14803,20944,6620,5353,572,2123,8859,1876,7975,23542,5000,1580,11907,5289,2683,6621,125747,2021-01-14
2021-01-15,14555,20469,6103,5553,536,1929,8584,1899,7431,22968,4858,1379,11158,5336,2627,6136,121521,2021-01-15
2021-01-16,13665,19449,5791,5086,545,1836,8106,1862,7889,21919,4655,1174,10416,5148,2535,5724,115800,2021-01-16
2021-01-17,12318,18598,5886,5193,588,2011,8164,1909,7317,22084,4366,1091,10287,4954,2502,5851,113119,2021-01-17
2021-01-18,13164,17121,5889,5196,590,1813,8130,1953,7788,21710,3970,1062,9974,5001,2575,5849,111785,2021-01-18
2021-01-19,12479,17867,5058,5685,567,1724,7855,1911,7849,21122,4357,1047,9189,4651,2537,5467,109365,2021-01-19
2021-01-20,11637,16823,4713,5266,535,1586,7605,1803,7221,20286,4115,1092,7862,4494,2594,5072,102704,2021-01-20
2021-01-21,10979,15715,4245,5126,522,1527,7499,1824,7216,19851,4144,1074,7572,4286,2565,4801,98946,2021-01-21
2021-01-22,10684,15082,4118,4902,551,1523,7488,1732,7095,19273,4095,1100,6887,4051,2667,4660,95908,2021-01-22
2021-01-23,10161,14277,3851,4564,540,1464,7259,1703,7111,19028,4141,1069,6879,4480,2675,4470,93672,2021-01-23
2021-01-24,10020,14250,4028,4221,512,1514,7093,1710,6846,18824,3938,1101,6807,4340,2794,4429,92427,2021-01-24
2021-01-25,9992,14046,4029,4315,507,1660,7023,1713,6756,18679,4087,1111,6979,4484,2733,4343,92457,2021-01-25
2021-01-26,9656,13654,3731,4061,518,1555,6814,1650,6682,18381,4104,1101,6553,4298,2606,4145,89509,2021-01-26
2021-01-27,9083,12692,3313,3800,529,1393,6604,1665,6020,17437,3992,1075,5742,3988,2685,3935,83953,2021-01-27
2021-01-28,8770,12737,3273,3818,496,1550,6263,1618,6104,16712,3687,1058,5292,3818,2717,3714,81627,2021-01-28
2021-01-29,8411,12311,3105,3535,504,1306,5936,1587,5741,16160,3530,1091,5349,3645,2606,3664,78481,2021-01-29
2021-01-30,8287,11957,3033,3403,561,1522,5712,1559,5651,15421,2773,1109,5082,3548,2440,3509,75567,2021-01-30
2021-01-31,8235,11847,3088,3159,566,1512,5811,1504,5750,15300,3209,1203,4889,3149,2304,3504,75030,2021-01-31
2021-02-01,8244,12070,3134,3116,567,1487,5780,1458,6063,15494,3355,1247,4924,2883,2326,3437,75585,2021-02-01
2021-02-02,8280,12077,2968,3111,570,1401,5685,1436,6074,15008,3341,1203,4880,3186,2309,3340,74869,2021-02-02
2021-02-03,7843,10952,2655,2830,606,1103,5523,1300,5193,14553,3025,1118,4293,2789,1995,3177,68955,2021-02-03
2021-02-04,7461,10906,2641,2678,587,1201,5427,1381,4923,13850,2880,1231,4077,2697,2014,3165,67119,2021-02-04
2021-02-05,7094,10712,2630,2455,612,1175,5280,1399,5491,13938,2753,1158,4096,2607,1945,3121,66466,2021-02-05
2021-02-06,6871,10336,2482,2327,555,1148,5102,1353,5364,13527,2684,1142,3966,2548,1849,3072,64326,2021-02-06
2021-02-07,6753,10001,2531,2253,532,1173,5074,1364,5304,13165,2463,1140,3890,2496,1871,2885,62895,2021-02-07
2021-02-08,6748,10066,2620,2220,554,1186,5042,1356,5524,12988,2496,1108,4080,2494,1784,2943,63209,2021-02-08
2021-02-09,6615,9801,2274,2204,542,1148,4840,1322,5384,12057,2581,1081,3716,2328,1807,2877,60577,2021-02-09
2021-02-10,6395,9102,2062,2003,469,1083,4510,1240,4782,12034,2360,998,3085,2053,1755,2616,56547,2021-02-10
2021-02-11,6237,8342,2063,1992,453,1073,4137,1140,4710,11252,2262,834,3034,1848,1750,2253,53380,2021-02-11
2021-02-12,5927,8197,2119,1932,444,1066,3945,1072,4814,10640,2152,718,2892,1733,1786,2259,51696,2021-02-12
2021-02-13,5666,7909,2105,1842,408,1103,3794,1032,4789,10236,2087,750,2784,1655,1741,2107,50008,RKIcasenumbers/RKI_Corona_2021-02-13T11:44:05.283127ALL
2021-02-14,5388,7295,2100,1804,400,1146,3456,1071,4659,9714,1907,709,2648,1675,1661,2082,47715,RKIcasenumbers/RKI_Corona_2021-02-14T20:02:20.252258ALL
2021-02-15,5365,7489,2144,1850,420,1135,3527,1054,4869,10151,1966,685,2775,1743,1676,2169,49018,RKIcasenumbers/RKI_Corona_2021-02-15T08:46:19.558436ALL
2021-02-16,5187,7596,1918,1806,438,1118,3500,1026,5139,10057,1994,659,2787,1734,1671,2164,48794,RKIcasenumbers/RKI_Corona_2021-02-16T12:36:29.929214ALL
2021-02-17,4837,7157,1778,1806,424,1081,3438,1030,5027,10052,1853,605,2551,1796,1621,2380,47436,RKIcasenumbers/RKI_Corona_2021-02-17T11:08:18.698784ALL
2021-02-18,4609,7257,1759,1702,448,1114,3467,1034,4844,10246,1866,574,2694,1840,1521,2550,47525,RKIcasenumbers/RKI_Corona_2021-02-18T09:17:33.396497ALL
2021-02-19,4565,7173,1862,1673,376,1109,3556,1045,4581,10411,1931,510,2686,1871,1427,2490,47266,RKIcasenumbers/RKI_Corona_2021-02-19T10:30:19.888191ALL
2021-02-20,4653,7302,1915,1621,483,1052,3606,1082,4871,10392,1972,517,2637,1914,1464,2561,48042,RKIcasenumbers/RKI_Corona_2021-02-20T09:23:36.004116ALL
2021-02-21,4918,7606,2066,1617,524,1234,3773,1071,5015,10941,1982,465,2845,1921,1480,2628,50086,RKIcasenumbers/RKI_Corona_2021-02-21T09:54:05.303098ALL
2021-02-22,4892,7664,2103,1600,511,1182,3755,1087,5084,11081,2105,440,3045,1975,1478,2689,50691,RKIcasenumbers/RKI_Corona_2021-02-22T09:10:30.768749ALL
2021-02-23,4979,7586,2009,1592,522,1210,3805,1080,5138,10882,2171,552,2879,1910,1431,2556,50302,RKIcasenumbers/RKI_Corona_2021-02-23T09:16:28.366639ALL
2021-02-24,5054,7243,1973,1592,490,1176,3789,1038,4817,10926,2124,606,2696,1787,1454,2530,49295,RKIcasenumbers/RKI_Corona_2021-02-24T09:25:53.490865ALL
2021-02-25,5288,7663,2013,1580,517,1187,3875,1044,5013,11532,2141,624,2903,1870,1478,2547,51275,RKIcasenumbers/RKI_Corona_2021-02-25T09:18:15.270213ALL
2021-02-26,5420,7810,1926,1621,531,1351,3846,1029,5208,11469,2167,651,3067,1877,1476,2585,52034,RKIcasenumbers/RKI_Corona_2021-02-26T09:54:23.719969ALL
2021-02-27,5472,7921,2267,1591,538,1284,4017,984,5200,11630,2207,677,3177,1947,1459,2677,53048,RKIcasenumbers/RKI_Corona_2021-02-27T09:30:57.315767ALL
2021-02-28,5551,8116,2397,1597,544,1344,3988,1048,5066,11512,1996,718,3167,1879,1470,2699,53092,RKIcasenumbers/RKI_Corona_2021-02-28T10:16:36.694640ALL
2021-03-01,5767,8649,2481,1625,565,1320,4116,1058,5206,11565,2036,723,3433,2020,1454,2698,54716,RKIcasenumbers/RKI_Corona_2021-03-01T09:12:48.066293ALL
2021-03-02,5764,8605,2301,1647,554,1371,4070,1064,5294,11536,2032,682,3307,2032,1444,2670,54373,RKIcasenumbers/RKI_Corona_2021-03-02T09:08:19.141964ALL
2021-03-03,5773,8746,2303,1645,513,1286,4120,1056,4756,11449,1964,680,3027,1889,1348,2656,53211,RKIcasenumbers/RKI_Corona_2021-03-03T08:43:35.630834ALL
2021-03-04,6044,8928,2267,1621,516,1253,4279,1130,4711,11268,1989,652,3142,1863,1386,2721,53770,RKIcasenumbers/RKI_Corona_2021-03-04T08:31:53.702807ALL
2021-03-05,6244,9065,2418,1585,510,1273,4333,1094,4680,11462,1944,603,3200,1900,1366,2749,54426,RKIcasenumbers/RKI_Corona_2021-03-05T08:32:47.531453ALL
2021-03-06,6363,9397,2352,1592,479,1295,4246,1081,4592,11591,1948,550,3171,1883,1291,2737,54568,RKIcasenumbers/RKI_Corona_2021-03-06T09:31:12.457074ALL
2021-03-07,6629,9158,2516,1596,449,1410,4159,1077,4700,11687,1791,552,3321,1792,1331,2814,54982,RKIcasenumbers/RKI_Corona_2021-03-07T10:58:19.770370ALL
2021-03-08,6713,9461,2600,1600,428,1354,4279,1095,5025,11803,1901,578,3532,1945,1324,2880,56518,RKIcasenumbers/RKI_Corona_2021-03-08T09:26:06.148678ALL
2021-03-09,6698,9744,2176,1552,439,1334,4322,1061,4974,11836,1894,566,3437,1945,1317,2875,56170,RKIcasenumbers/RKI_Corona_2021-03-09T08:42:51.099977ALL
2021-03-10,6736,9251,1958,1529,394,1095,4352,1007,4806,11724,1893,555,3078,1812,1342,2863,54395,RKIcasenumbers/RKI_Corona_2021-03-10T08:49:12.415844ALL
2021-03-11,6997,10098,1921,1688,411,1225,4579,942,4979,12543,1986,510,3470,1850,1350,2950,57499,RKIcasenumbers/RKI_Corona_2021-03-11T12:08:34.412838ALL
2021-03-12,7386,10467,2034,1774,420,1299,4765,1008,5207,13128,2075,475,3703,1944,1395,3116,60196,RKIcasenumbers/RKI_Corona_2021-03-12T09:08:49.386977ALL
2021-03-13,7714,10762,2257,1849,435,1412,5114,934,5547,13627,2202,557,4093,2107,1411,3244,63265,RKIcasenumbers/RKI_Corona_2021-03-13T11:21:45.091401ALL
2021-03-14,8176,11293,2598,1964,463,1468,5283,1011,5201,14158,2135,550,4278,2259,1461,3448,65746,RKIcasenumbers/RKI_Corona_2021-03-14T09:52:39.932888ALL
2021-03-15,8474,11598,2719,2041,508,1495,5531,1048,6095,14565,2312,558,4597,2366,1478,3587,68972,RKIcasenumbers/RKI_Corona_2021-03-15T10:03:39.373485ALL
2021-03-16,8337,11675,3014,2016,542,1532,5602,1028,6085,14876,2506,544,4479,2347,1484,3554,69621,RKIcasenumbers/RKI_Corona_2021-03-16T09:15:28.823018ALL
2021-03-17,8866,12037,3222,2244,537,1515,5871,1032,6027,15271,2517,523,4441,2312,1562,3692,71669,RKIcasenumbers/RKI_Corona_2021-03-17T11:58:28.536590ALL
2021-03-18,9409,12552,3240,2285,577,1223,6305,1029,6462,16525,2705,567,4466,2343,1632,3845,75165,RKIcasenumbers/RKI_Corona_2021-03-18T10:43:48.454722ALL
2021-03-19,9884,13227,3207,2538,642,1677,6668,1025,6675,17306,2831,554,5174,2428,1653,3987,79476,RKIcasenumbers/RKI_Corona_2021-03-19T08:43:01.886382ALL
2021-03-20,10232,13594,3417,2714,658,1841,7095,1050,6995,17875,3028,582,5450,2601,1696,4293,83121,RKIcasenumbers/RKI_Corona_2021-03-20T13:29:40.969083ALL
2021-03-21,11078,14140,3453,2811,684,1989,7189,1117,7065,18580,3025,642,5913,2527,1729,4430,86372,RKIcasenumbers/RKI_Corona_2021-03-21T09:26:23.213212ALL
2021-03-22,11440,14535,3606,2824,700,1908,7304,1176,7385,19129,3180,639,6466,2702,1740,4473,89207,RKIcasenumbers/RKI_Corona_2021-03-22T08:21:25.184835ALL
2021-03-23,11433,14534,3464,2869,701,1963,7368,1192,7559,19605,3365,608,6355,2773,1750,4368,89907,RKIcasenumbers/RKI_Corona_2021-03-23T08:48:50.374540ALL
2021-03-24,11312,14541,3567,2995,720,1830,7445,1279,7247,19953,3269,548,6309,2738,1696,4491,89940,RKIcasenumbers/RKI_Corona_2021-03-24T09:37:04.056542ALL
2021-03-25,12050,15027,4085,3239,762,1818,7770,1358,7499,20345,3447,652,6813,2955,1736,4696,94252,RKIcasenumbers/RKI_Corona_2021-03-25T08:56:27.624406ALL
2021-03-26,12793,16021,4323,3273,794,2002,8155,1533,7840,21515,3836,603,6887,2959,1813,4725,99072,RKIcasenumbers/RKI_Corona_2021-03-26T08:57:26.945850ALL
2021-03-27,13453,17102,4680,3412,853,2231,8432,1621,8268,22210,3985,688,7182,3212,1903,4647,103879,RKIcasenumbers/RKI_Corona_2021-03-27T10:45:39.630903ALL
2021-03-28,13485,17819,5146,3457,892,2531,8379,1667,8916,23109,4067,773,7451,3310,1935,4953,107890,RKIcasenumbers/RKI_Corona_2021-03-28T11:07:42.021080ALL
2021-03-29,14145,18157,5362,3566,927,2533,8723,1716,9417,23265,4341,779,8161,3670,1991,5016,111769,RKIcasenumbers/RKI_Corona_2021-03-29T16:28:26.248871ALL
2021-03-30,14104,18438,5013,3667,943,2599,8861,1711,9329,23747,4666,747,7877,3689,2023,5068,112482,RKIcasenumbers/RKI_Corona_2021-03-30T09:30:57.185299ALL
2021-03-31,13955,17925,4564,3596,902,2474,8822,1661,9054,23459,4670,803,7425,3474,2084,5171,110039,RKIcasenumbers/RKI_Corona_2021-03-31T10:11:55.046789ALL
2021-04-01,14413,18638,4565,3692,870,2568,8683,1557,9038,23174,4651,850,7747,3550,2165,5419,111580,RKIcasenumbers/RKI_Corona_2021-04-01T09:55:06.420343ALL
2021-04-02,14538,18421,4799,3803,855,2507,8978,1490,8627,23107,4609,834,7723,3597,2147,5433,111468,RKIcasenumbers/RKI_Corona_2021-04-02T10:33:56.140574ALL
2021-04-03,14556,18005,4288,3655,819,2555,9057,1445,8156,22968,4395,885,7568,3590,2106,5229,109277,RKIcasenumbers/RKI_Corona_2021-04-03T10:24:58.226101ALL
2021-04-04,13507,17301,4592,3443,809,2721,8760,1338,7826,22435,4222,791,7529,3411,1961,5005,105651,RKIcasenumbers/RKI_Corona_2021-04-04T10:52:49.765352ALL
2021-04-05,13434,17423,4796,3401,816,2634,8827,1480,8094,22240,4376,862,7723,3500,1965,4847,106418,RKIcasenumbers/RKI_Corona_2021-04-05T13:11:46.379181ALL
2021-04-06,12957,16920,4204,3207,794,2527,8361,1516,7649,21711,4258,846,7359,3421,1933,4620,102283,RKIcasenumbers/RKI_Corona_2021-04-06T09:18:34.048836ALL
2021-04-07,11170,15831,3857,2753,695,2213,7526,1222,6800,19837,3930,734,6090,3054,1813,4014,91539,RKIcasenumbers/RKI_Corona_2021-04-07T09:29:46.835968ALL
2021-04-08,11226,15622,3283,2440,677,1987,7077,1415,6131,19177,3678,776,5822,2914,1841,3862,87928,RKIcasenumbers/RKI_Corona_2021-04-08T08:37:13.878704ALL
2021-04-09,12134,16926,3273,2616,833,2020,7033,1521,6536,19483,3722,898,6143,2841,1873,3985,91837,RKIcasenumbers/RKI_Corona_2021-04-09T09:01:40.710696ALL
2021-04-10,13344,18190,3934,2796,841,2051,7775,1765,6911,20648,4153,975,7411,3205,1912,4399,100310,RKIcasenumbers/RKI_Corona_2021-04-10T09:32:42.964158ALL
2021-04-11,14879,18198,3886,3011,902,2268,8724,2002,7753,22442,4085,1159,7874,3493,2086,4662,107424,RKIcasenumbers/RKI_Corona_2021-04-11T10:00:54.502830ALL
2021-04-12,15491,20117,4195,3150,917,2367,8895,1984,8217,23462,4463,1161,8289,3809,2064,4874,113455,RKIcasenumbers/RKI_Corona_2021-04-12T13:51:31.829514ALL
2021-04-13,15948,20960,4399,3227,956,2389,8932,2052,8534,24311,4822,1165,8637,3816,2055,5003,117206,RKIcasenumbers/RKI_Corona_2021-04-13T11:05:10.791205ALL
2021-04-14,17854,22656,4450,3621,1084,2338,10184,2441,8877,26636,5096,1230,9275,4009,2255,5418,127424,RKIcasenumbers/RKI_Corona_2021-04-14T08:45:02.170887ALL
2021-04-15,18347,23410,5038,3916,1160,2337,10436,2540,9436,28461,5385,1162,9580,4176,2249,5529,133162,RKIcasenumbers/RKI_Corona_2021-04-15T13:37:32.825789ALL
2021-04-16,18316,23675,5076,3667,1118,2344,10350,2387,9295,29205,5391,1198,9346,4133,2218,5461,133180,RKIcasenumbers/RKI_Corona_2021-04-16T10:22:47.532073ALL
2021-04-17,18687,23933,5292,3564,1115,2300,9959,2347,9267,29518,5702,1129,9427,3925,2135,5328,133628,RKIcasenumbers/RKI_Corona_2021-04-17T10:45:37.717314ALL
2021-04-18,18922,24333,5407,3583,1164,2325,10008,2361,9370,29989,5584,1277,9514,3750,2125,5272,134984,RKIcasenumbers/RKI_Corona_2021-04-18T10:36:29.167677ALL
2021-04-19,19248,24580,5638,3564,1160,2322,10184,2408,9866,30712,5663,1241,9631,3914,2092,5243,137466,RKIcasenumbers/RKI_Corona_2021-04-19T09:14:43.398593ALL
2021-04-20,18930,24316,5346,3556,1118,2302,9817,2281,9714,30235,5803,1192,8993,4075,2101,5254,135033,RKIcasenumbers/RKI_Corona_2021-04-20T08:55:23.038845ALL
2021-04-21,19157,24253,4980,3493,1157,2084,9862,2214,9236,30604,5703,1272,8178,3760,2087,5125,133165,RKIcasenumbers/RKI_Corona_2021-04-21T09:40:45.375440ALL
2021-04-22,20312,23661,4911,3456,1100,2005,10153,2222,9003,31129,5748,1505,8216,3573,2059,4954,134007,RKIcasenumbers/RKI_Corona_2021-04-22T09:39:32.938113ALL
2021-04-23,20476,23691,4952,3375,1126,2005,10411,2274,9131,32491,5822,1550,8521,3710,2134,4762,136431,RKIcasenumbers/RKI_Corona_2021-04-23T08:48:19.144846ALL
2021-04-24,20866,23120,4867,3261,1118,1940,11083,2242,9068,32876,5724,1372,8654,3653,2202,4679,136725,RKIcasenumbers/RKI_Corona_2021-04-24T18:44:02.367802ALL
2021-04-25,21145,23098,4969,3176,1117,1899,11139,2243,8917,33369,5604,1446,8909,3723,2206,4802,137762,RKIcasenumbers/RKI_Corona_2021-04-25T09:36:51.762893ALL
2021-04-26,21789,23496,5059,3219,1077,1945,11289,2241,9475,33528,5859,1410,9445,3947,2151,4853,140783,RKIcasenumbers/RKI_Corona_2021-04-26T08:07:47.114162ALL
2021-04-27,21906,22795,5009,3065,1082,1934,11123,2179,9590,33496,5726,1425,9224,3963,2098,4739,139354,RKIcasenumbers/RKI_Corona_2021-04-27T08:57:38.421222ALL
2021-04-28,21307,21376,4917,2974,1036,1761,11037,2234,8839,31989,5488,1376,8565,3930,2040,4714,133583,RKIcasenumbers/RKI_Corona_2021-04-28T09:31:57.621560ALL
2021-04-29,19534,21127,4776,2861,1008,1634,10684,2124,8378,30727,5523,1417,8727,3733,1951,4595,128799,RKIcasenumbers/RKI_Corona_2021-04-29T10:57:07.373263ALL
2021-04-30,20682,20277,4626,2872,945,1723,10469,1990,8527,29931,5422,1428,8580,3798,1855,4479,127604,RKIcasenumbers/RKI_Corona_2021-04-30T16:47:18.426015ALL
2021-05-01,20430,19741,4440,2767,886,1661,9904,1942,8139,28652,5103,1395,8310,3707,1785,4713,123575,RKIcasenumbers/RKI_Corona_2021-05-01T09:28:33.014389ALL
2021-05-02,20363,19281,4508,2716,734,1692,9648,1929,8130,28265,4785,1428,8500,3525,1703,4646,121853,RKIcasenumbers/RKI_Corona_2021-05-02T10:55:57.392638ALL
2021-05-03,20488,19084,4466,2652,881,1697,9585,1934,7956,28453,4964,1425,8774,3446,1684,4716,122205,RKIcasenumbers/RKI_Corona_2021-05-03T09:55:27.411867ALL
2021-05-04,19217,18370,4080,2635,844,1663,9199,1926,7879,27582,4916,1349,8315,3352,1653,4634,117614,RKIcasenumbers/RKI_Corona_2021-05-04T13:08:08.386464ALL
2021-05-05,17918,17210,3845,2559,841,1588,8745,1700,7383,26606,4657,1247,7220,2895,1584,4473,110471,RKIcasenumbers/RKI_Corona_2021-05-05T08:48:52.770436ALL
2021-05-06,17686,16243,3805,2479,821,1442,8385,1640,7184,25904,4404,1212,7326,2871,1588,4410,107400,RKIcasenumbers/RKI_Corona_2021-05-06T14:13:59.224560ALL
2021-05-07,17237,16010,3617,2369,767,1443,8089,1563,7139,24820,4212,1118,7504,2828,1563,4224,104503,RKIcasenumbers/RKI_Corona_2021-05-07T08:58:34.467715ALL
2021-05-08,16524,15871,3561,2314,754,1437,7742,1469,6854,23867,4256,1049,7230,2707,1514,3918,101067,RKIcasenumbers/RKI_Corona_2021-05-08T10:37:51.753563ALL
2021-05-09,16141,15584,3654,2248,676,1405,7621,1418,6670,23196,3960,1078,7037,2679,1452,3841,98660,RKIcasenumbers/RKI_Corona_2021-05-09T09:26:39.860679ALL
2021-05-10,16117,15684,3698,2222,676,1381,7602,1402,6760,23117,4084,1083,7181,2763,1476,3781,99027,RKIcasenumbers/RKI_Corona_2021-05-10T09:30:39.613549ALL
2021-05-11,15602,15260,3440,2098,661,1346,7520,1362,6736,22111,4012,1045,6826,2757,1459,3736,95971,RKIcasenumbers/RKI_Corona_2021-05-11T08:37:27.522296ALL
2021-05-12,14634,13991,3157,2060,613,1237,7365,1253,6254,20847,3823,1035,5879,2520,1422,3590,89680,RKIcasenumbers/RKI_Corona_2021-05-12T09:56:10.588715ALL
2021-05-13,14183,13254,3060,1924,563,1149,7184,1211,5940,19991,3770,1001,5706,2428,1333,3467,86164,RKIcasenumbers/RKI_Corona_2021-05-13T09:48:30.138133ALL
2021-05-14,13219,12510,2625,1823,509,1036,6853,1157,5461,18564,3398,1005,5453,2269,1243,3168,80293,RKIcasenumbers/RKI_Corona_2021-05-14T08:35:57.770238ALL
2021-05-15,11888,11259,2470,1623,457,994,6272,961,4940,16592,3301,893,4993,2021,1134,2818,72616,RKIcasenumbers/RKI_Corona_2021-05-15T11:19:55.456708ALL
2021-05-16,11356,10823,2456,1557,426,909,5847,933,4725,15879,3120,881,4540,1838,1061,2721,69072,RKIcasenumbers/RKI_Corona_2021-05-16T09:16:25.654397ALL
2021-05-17,11206,10845,2518,1507,433,836,5820,936,4727,16127,3200,870,4574,1914,1018,2613,69144,RKIcasenumbers/RKI_Corona_2021-05-17T09:25:58.675942ALL
2021-05-18,10549,10612,2322,1523,428,785,5491,915,4497,15499,3022,852,4268,1843,968,2527,66101,RKIcasenumbers/RKI_Corona_2021-05-18T09:08:19.264356ALL
2021-05-19,9738,9722,2258,1408,406,653,5131,852,3989,14343,2717,825,3579,1527,941,2460,60549,RKIcasenumbers/RKI_Corona_2021-05-19T08:48:09.258618ALL
