Datum	Baden-Württemberg	Bayern	Berlin	Brandenburg	Bremen	Hamburg	Hessen	Mecklenburg-Vorpommern	Niedersachsen	Nordrhein-Westfalen	Rheinland-Pfalz	Saarland	Sachsen	Sachsen-Anhalt	Schleswig-Holstein	Thüringen	 Deutschland
2020-02-24	0	14	0	0	0	0	2	0	0	0	0	0	0	0	0	0	16
2020-02-25	1	14	0	0	0	0	2	0	0	1	0	0	0	0	0	0	18
2020-02-26	3	14	0	0	0	0	2	0	0	2	0	0	0	0	0	0	21
2020-02-27	6	14	0	0	0	0	2	0	0	4	0	0	0	0	0	0	26
2020-02-28	10	15	0	0	0	0	2	0	0	25	0	0	0	0	1	0	53
2020-02-29	14	15	0	0	0	0	5	0	0	30	1	0	0	0	1	0	66
2020-03-01	15	19	0	0	1	1	10	0	1	66	2	0	0	0	2	0	117

2020-03-02	19	25	1	0	1	1	12	0	1	86	2	0	0	0	2	0	150
2020-03-03	26	35	3	1	1	2	12	0	1	101	2	0	1	0	2	1	188
2020-03-04	44	48	6	1	2	2	12	3	4	111	2	1	1	0	2	1	240
2020-03-05	73	70	13	1	3	5	14	4	18	181	8	1	1	0	7	1	400
2020-03-06	96	117	19	2	4	11	16	5	18	329	10	2	2	0	7	1	639
2020-03-07	170	134	28	2	4	13	17	5	19	373	13	3	4	0	8	2	795
2020-03-08	182	172	40	4	4	13	19	8	21	398	19	4	7	0	9	2	902
2020-03-09	204	256	48	6	4	17	26	10	38	484	17	6	12	0	9	2	1139
2020-03-10	237	314	48	9	4	29	35	13	49	484	25	7	22	7	9	4	1296
2020-03-11	277	366	90	24	21	48	48	17	75	484	25	14	26	15	27	10	1567
2020-03-12	454	500	137	30	38	88	99	23	129	688	52	14	45	27	31	14	2369
2020-03-13	454	558	174	44	42	99	148	33	230	936	102	40	83	42	48	29	3062
2020-03-14	569	681	216	61	50	158	203	45	253	1.154	121	40	93	45	60	46	3795
2020-03-15	827	886	265	84	53	162	286	50	287	1.407	168	32	130	47	103	51	4838
2020-03-16	1.105	1.067	300	94	56	260	342	51	391	1.541	325	85	140	77	123	55	6012
2020-03-17	1.479	1.109	345	73	57	310	373	45	325	2.105	442	75	182	58	127	51	7156
2020-03-18	1.609	1.243	391	92	69	358	432	56	478	2.372	474	88	198	105	159	74	8198
2020-03-19	2.155	1.692	573	134	80	432	682	98	669	3.033	637	99	275	140	202	98	10999
2020-03-20	2.746	2.401	731	192	121	586	813	131	803	3.497	801	146	394	180	266	149	13957
2020-03-21	3.668	2.960	866	254	142	587	1.080	165	1.023	3.542	938	187	567	188	308	187	16662
2020-03-22	3.807	3.650	1.024	274	165	872	1.175	172	1.306	3.545	1.053	187	606	211	347	216	18610
2020-03-23	3.811	4.892	1077	288	170	943	1347	172	1.483	5.615	1.177	200	653	212	383	249	22672
2020-03-24	5.348	5.754	1.220	343	183	1.043	1.620	199	1.764	6.318	1.370	337	811	321	478	327	27436
2020-03-25	6.069	6.558	1.428	429	200	1.262	1.754	218	2.140	7.197	1.591	403	959	375	577	394	31554
2020-03-26	7.283	7.993	1.656	477	211	1.265	2.157	244	2.347	7.924	1.816	433	1.141	418	675	468	36508
2020-03-27	8.161	9.481	1955	537	241	1693	2.323	259	2.810	9.235	1.971	505	1.305	458	812	542	42288
2020-03-28	9.781	11.150	2.161	645	260	1.765	2.604	308	3.150	10.607	2.212	550	1.432	458	915	584	48582
2020-03-29	9.794	12.881	2.360	721	275	1.846	2.605	348	3.450	11.400	2.396	560	1.617	592	1.005	697	52547
2020-03-30	10.943	13.989	2.464	761	286	2.053	3.091	356	3.732	12.178	2.584	706	1.795	592	1.049	719	57298
2020-03-31	12.334	14.810	2.575	798	294	2.191	3.283	366	4.063	13.225	2.726	782	1.882	680	1.120	784	61913
2020-04-01	13.410	16.497	2.754	881	311	2.311	3.445	406	4.382	14.351	2.899	829	2.034	750	1.246	860	67366
2020-04-02	14.662	18.496	2.970	995	327	2.406	3.707	438	4.695	15.427	3.132	1.020	2.183	804	1.335	925	73522
2020-04-03	16.059	20.237	3.202	1.075	341	2.596	3.993	468	5.081	16.606	3.362	1.079	2.336	836	1.443	982	79696
2020-04-04	17.014	21.908	3.471	1.211	354	2.697	4.279	501	5.571	17.885	3.504	1.265	2.591	896	1.559	1.072	85778
2020-04-05	18.614	23.846	3.613	1.305	394	2.945	4.575	523	5.712	18.735	3.663	1.358	2.741	919	1.631	1.140	91714
2020-04-06	19.395	24.974	3.670	1.345	397	2.993	4.674	528	5.960	19.384	3.882	1.483	2.903	956	1.671	1.176	95391
2020-04-07	20.141	26.163	3.845	1.384	399	3.059	4.837	531	6.200	20.220	3.992	1.532	2.997	987	1.730	1.208	99225
2020-04-08	20.680	27.564	4.028	1.472	424	3.165	4.965	555	6.385	20.929	4.148	1.637	3.144	1.020	1.827	1.285	103.228
2020-04-09	21.603	28.827	4.202	1.578	445	3.320	5.242	572	6.804	21.961	4.336	1.693	3.261	1.075	1.932	1.351	108.202
2020-04-10	22.433	30.363	4.349	1.691	454	3.551	5.694	586	7.114	23.028	4.440	1.854	3.402	1.121	2.029	1.416	113.525
2020-04-11	23.617	31.453	4.458	1.764	469	3.663	5.808	601	7.343	23.644	4.622	2.016	3.565	1.135	2.065	1.435	117.658
2020-04-12	24.078	32.282	4.567	1.857	480	3.742	5.859	605	7.602	24.267	4.734	2.058	3.600	1.166	2.118	1.464	120.479
2020-04-13	24.570	33.015	4.601	1.880	486	3.770	6.114	618	7.723	24.883	4.810	2.079	3.655	1.193	2.134	1.485	123.016
2020-04-14	25.040	33.569	4.668	1.916	492	3.808	6.183	619	7.885	25.300	4.880	2.112	3.751	1.207	2.164	1.504	125.098
2020-04-15	25.438	34.294	4.722	1.950	500	3.869	6.347	624	8.019	25.835	5.004	2.145	3.819	1.223	2.245	1.550	127.584
2020-04-16	25.881	35.142	4.848	2.058	507	3.953	6.470	634	8.188	26.383	5.087	2.201	3.955	1.248	2.294	1.601	130.450
2020-04-17	26.543	36.027	4.945	2.120	556	4.005	6.705	634	8.442	27.030	5.211	2.254	4.048	1.279	2.349	1.682	133.830
2020-04-18	27.258	36.881	5.066	2.161	567	4.118	6.916	645	8.649	28.006	5.324	2.289	4.140	1.315	2.387	1.717	137.439
2020-04-19	27.883	37.407	5.159	2.221	585	4.167	7.108	651	8.797	28.471	5.432	2.303	4.190	1.350	2.417	1.756	139.897
2020-04-20	28.253	37.849	5.196	2.238	604	4.185	7.177	653	8.900	28.971	5.523	2.314	4.229	1.369	2.426	1.785	141.672
2020-04-21	28.712	38.310	5.237	2.275	609	4.204	7.231	655	9.098	29.389	5.561	2.328	4.253	1.383	2.414	1.798	143.457
2020-04-22	28.898	38.814	5.312	2.389	624	4.204	7.380	656	9.236	30.185	5.593	2.367	4.273	1.395	2.496	1.872	145.694
2020-04-23	29.443	39.395	5.324	2.447	672	4.286	7.593	659	9.391	30.584	5.643	2.395	4.327	1.425	2.530	1.932	148.046
2020-04-24	29.792	39.939	5.459	2.536	707	4.358	7.712	661	9.544	31.106	5.731	2.445	4.377	1.436	2.557	2.023	150.383
2020-04-25	30.169	40.547	5.525	2.627	719	4.400	7.837	667	9.691	31.465	5.767	2.468	4.406	1.480	2.612	2.058	152.438
2020-04-26	30.761	40.912	5.600	2.694	739	4.429	7.946	673	9.785	31.669	5.835	2.482	4.428	1.494	2.630	2.098	154.175
2020-04-27	31.043	41.070	5.638	2.721	754	4.475	7.979	674	9.847	31.879	5.879	2.503	4.458	1.515	2.638	2.120	155.193
2020-04-28	31.196	41.406	5.669	2.747	759	4.505	8.026	675	9.926	32.184	5.928	2.509	4.490	1.520	2.653	2.144	156.337
2020-04-29	31.336	41.830	5.734	2.768	797	4.525	8.184	687	9.972	32.429	5.982	2.514	4.509	1.525	2.679	2.170	157.641
2020-04-30	31.609	42.080	5.827	2.831	827	4.562	8.304	690	10.067	32.687	6.029	2.552	4.561	1.549	2.690	2.254	159.119
2020-05-01	31.919	42.489	5.887	2.872	859	4.604	8.376	693	10.141	33.058	6.086	2.581	4.592	1.564	2.714	2.323	160.758
2020-05-02	32.146	42.658	5.943	2.886	871	4.609	8.486	695	10.246	33.216	6.099	2.597	4.617	1.571	2.728	2.335	161.703
2020-05-03	32.291	42.792	5.976	2.905	875	4.631	8.524	698	10.283	33.428	6.133	2.605	4.696	1.576	2.738	2.345	162.496
2020-05-04	32.411	42.997	6.010	2.914	893	4.636	8.549	699	10.325	33.560	6.150	2.608	4.702	1.578	2.788	2.355	163.175
2020-05-05	32.482	43.162	6.042	2.940	895	4.644	8.585	703	10.380	33.728	6.160	2.618	4.745	1.585	2.799	2.392	163.860
2020-05-06	32.576	43.371	6.092	2.969	916	4.664	8.642	711	10.453	33.977	6.191	2.627	4.784	1.590	2.815	2.429	164.807
2020-05-07	32.762	43.658	6.149	2.999	963	4.704	8.736	715	10.564	34.249	6.213	2.655	4.836	1.602	2.834	2.452	166.091
2020-05-08	32.898	43.905	6.209	3.037	997	4.753	8.850	718	10.686	34.522	6.241	2.658	4.839	1.615	2.860	2.512	167.300
2020-05-09	33.105	44.169	6.242	3.098	1.024	4.772	8.916	722	10.803	34.817	6.282	2.660	4.873	1.637	2.898	2.533	168.551
2020-05-10	33.287	44.265	6.261	3.101	1.043	4.772	8.998	726	10.827	34.964	6.291	2.663	4.886	1.640	2.938	2.556	169.218
2020-05-11	33.190	44.368	6.272	3.106	1.055	4.780	9.012	728	10.854	35.132	6.313	2.665	4.915	1.643	2.957	2.585	169.575
2020-05-12	33.359	44.593	6.274	3.111	1.058	4.960	9.031	729	10.895	35.333	6.355	2.665	4.947	1.648	2.956	2.594	170.508
2020-05-13	33.518	44.802	6.298	3.125	1.077	4.972	9.087	736	10.903	35.555	6.360	2.667	4.962	1.650	2.972	2.622	171.306
2020-05-14	33.670	44.980	6.342	3.135	1.104	4.976	9.169	739	11.003	35.741	6.382	2.677	5.031	1.656	2.982	2.652	172.239
2020-05-15	33.851	45.143	6.397	3.158	1.129	4.981	9.204	740	11.087	35.967	6.413	2.684	5.061	1.668	2.998	2.681	173.152
2020-05-16	33.893	45.340	6.428	3.169	1.150	5.017	9.261	746	11.092	36.065	6.449	2.688	5.089	1.676	2.998	2.711	173.772
2020-05-17	33.950	45.427	6.447	3.171	1.164	5.029	9.317	748	11.155	36.286	6.449	2.696	5.115	1.676	3.000	2.725	174.355
2020-05-18	34.000	45.507	6.458	3.172	1.171	5.037	9.337	752	11.167	36.365	6.490	2.696	5.125	1.678	3.002	2.740	174.697
2020-05-19	34.034	45.639	6.478	3.185	1.237	5.042	9.368	752	11.207	36.485	6.520	2.699	5.133	1.679	3.002	2.750	175.210
2020-05-20	34.115	45.766	6.507	3.193	1.256	5.042	9.483	755	11.288	36.766	6.529	2.703	5.150	1.680	3.014	2.760	176.007
2020-05-21	34.175	45.929	6.555	3.205	1.273	5.053	9.574	762	11.362	36.912	6.555	2.706	5.185	1.689	3.021	2.796	176.752
2020-05-22	34.174	46.024	6.585	3.211	1.291	5.059	9.656	763	11.420	37.010	6.566	2.707	5.197	1.692	3.039	2.818	177.212
2020-05-23	34.345	46.132	6.614	3.213	1.296	5.063	9.670	763	11.521	37.139	6.582	2.709	5.219	1.692	3.062	2.830	177.850
2020-05-24	34.399	46.206	6.637	3.214	1.299	5.066	9.762	760	11.578	37.223	6.590	2.713	5.221	1.694	3.062	2.857	178.281
2020-05-25	34.431	46.326	6.642	3.214	1.312	5.069	9.770	760	11.578	37.298	6.596	2.716	5.231	1.694	3.062	2.871	178.570
2020-05-26	34.466	46.456	6.652	3.236	1.313	5.069	9.804	760	11.646	37.395	6.600	2.727	5.236	1.698	3.067	2.877	179.002
2020-05-27	34.500	46.458	6.673	3.246	1.322	5.072	9.860	760	11.678	37.541	6.611	2.730	5.247	1.698	3.070	2.898	179.364
2020-05-28	34.129	46.729	6.703	3.261	1.348	5.076	9.915	760	11.750	37.698	6.652	2.731	5.260	1.701	3.072	2.932	179.717
2020-05-29	34.479	46.809	6.738	3.271	1.372	5.078	9.962	759	11.832	37.803	6.673	2.716	5.230	1.700	3.078	2.958	180.458
2020-05-30	34.718	46.854	6.767	3.266	1.398	5.082	10.003	760	11.958	37.910	6.695	2.723	5.297	1.701	3.090	2.974	181.196
2020-05-31	34.718	46.917	6.800	3.271	1.398	5.087	10.033	761	11.992	38.000	6.694	2.724	5.304	1.705	3.094	2.984	181.482
2020-06-01	34.784	47.004	6.816	3.273	1.398	5.089	10.047	761	12.043	38.046	6.703	2.724	5.309	1.706	3.097	3.015	181.815
2020-06-02	34.796	47.029	6.839	3.274	1.436	5.098	10.060	761	12.065	38.100	6.704	2.730	5.309	1.707	3.103	3.017	182.028
2020-06-03	34.813	47.138	6.874	3.273	1.447	5.098	10.080	761	12.114	38.185	6.712	2.735	5.305	1.707	3.106	3.022	182.370
2020-06-04	34.830	47.209	6.901	3.280	1.462	5.096	10.129	763	12.182	38.297	6.719	2.737	5.312	1.711	3.103	3.033	182.764
2020-06-05	34.870	47.268	6.946	3.288	1.498	5.107	10.163	764	12.277	38.439	6.732	2.738	5.315	1.712	3.103	3.051	183.271
2020-06-06	34.898	47.326	6.964	3.294	1.513	5.111	10.171	766	12.399	38.524	6.761	2.740	5.321	1.717	3.107	3.066	183.678
2020-06-07	34.912	47.334	6.997	3.297	1.517	5.113	10.203	773	12.466	38.616	6.775	2.747	5.323	1.720	3.109	3.077	183.979
2020-06-08	34.937	47.371	7.016	3.304	1.531	5.115	10.207	774	12.509	38.660	6.781	2.747	5.330	1.720	3.110	3.081	184.193
2020-06-09	34.958	47.423	7.042	3.302	1.532	5.117	10.237	780	12.601	38.743	6.787	2.754	5.333	1.720	3.114	3.100	184.543
2020-06-10	34.965	47.479	7.082	3.309	1.547	5.121	10.256	777	12.626	38.845	6.810	2.763	5.337	1.721	3.115	3.108	184.861
2020-06-11	35.002	47.536	7.138	3.352	1.565	5.125	10.296	778	12.727	38.983	6.827	2.766	5.346	1.728	3.117	3.130	185.416
2020-06-12	35.057	47.574	7.165	3.306	1.573	5.134	10.313	780	12.777	39.060	6.827	2.769	5.344	1.732	3.120	3.143	185.674
2020-06-13	35.090	47.612	7.252	3.326	1.581	5.139	10.321	781	12.822	39.137	6.838	2.770	5.345	1.734	3.120	3.154	186.022
2020-06-14	35.090	47.626	7.282	3.326	1.589	5.139	10.324	782	12.874	39.233	6.840	2.772	5.346	1.756	3.121	3.169	186.269
2020-06-15	35.090	47.642	7.322	3.329	1.592	5.144	10.324	782	12.909	39.307	6.841	2.772	5.347	1.768	3.121	3.171	186.461
2020-06-16	35.150	47.690	7.369	3.334	1.593	5.147	10.371	784	12.950	39.415	6.846	2.773	5.349	1.771	3.122	3.175	186.839
2020-06-17	35.177	47.710	7.402	3.362	1.607	5.149	10.386	786	12.968	39.573	6.856	2.773	5.350	1.775	3.122	3.188	187.184
2020-06-18	35.218	47.747	7.475	3.365	1.619	5.154	10.440	787	13.063	39.777	6.874	2.773	5.359	1.802	3.122	3.189	187.764
2020-06-19	35.236	47.799	7.603	3.374	1.626	5.156	10.503	791	13.097	40.156	6.883	2.774	5.382	1.818	3.131	3.205	188.534
2020-06-20	35.272	47.827	7.733	3.383	1.636	5.160	10.556	791	13.136	40.372	6.903	2.776	5.408	1.839	3.133	3.210	189.135
2020-06-21	35.272	47.843	7.804	3.388	1.645	5.163	10.575	792	13.136	40.921	6.907	2.778	5.408	1.842	3.134	3.214	189.822
2020-06-22	35.272	47.867	7.833	3.394	1.648	5.170	10.578	792	13.283	41.218	6.917	2.778	5.408	1.844	3.136	3.221	190.359
2020-06-23	35.365	47.894	7.916	3.407	1.654	5.170	10.613	792	13.312	41.418	6.919	2.778	5.408	1.851	3.136	3.229	190.862
2020-06-24	35.409	47.995	7.975	3.413	1.653	5.175	10.645	794	13.327	41.678	6.924	2.801	5.436	1.856	3.137	3.231	191.449
2020-06-25	35.446	48.122	8.021	3.428	1.653	5.175	10.666	796	13.378	41.992	6.940	2.801	5.438	1.858	3.140	3.225	192.079
2020-06-26	35.476	48.202	8.096	3.437	1.658	5.173	10.707	797	13.422	42.150	6.951	2.802	5.439	1.862	3.144	3.240	192.556
2020-06-27	35.530	48.262	8.145	3.437	1.659	5.178	10.731	798	13.456	42.571	6.971	2.802	5.444	1.865	3.146	3.248	193.243
2020-06-28	35.530	48.294	8.168	3.417	1.661	5.178	10.761	801	13.478	42.723	6.974	2.805	5.444	1.868	3.147	3.250	193.499
2020-06-29	35.530	48.344	8.176	3.419	1.661	5.194	10.762	801	13.502	42.869	6.987	2.806	5.444	1.869	3.147	3.250	193.761
2020-06-30	35.620	48.400	8.220	3.429	1.662	5.201	10.795	802	13.535	43.066	6.996	2.806	5.448	1.871	3.154	3.254	194.259
2020-07-01	35.694	48.480	8.243	3.440	1.667	5.204	10.811	803	13.577	43.242	7.022	2.806	5.451	1.873	3.159	3.253	194.725
2020-07-02	35.744	48.547	8.302	3.443	1.670	5.211	10.869	803	13.605	43.436	7.036	2.807	5.457	1.876	3.163	3.259	195.228
2020-07-03	35.771	48.587	8.345	3.450	1.675	5.212	10.894	803	13.632	43.660	7.068	2.805	5.453	1.878	3.176	3.265	195.674
2020-07-04	35.807	48.655	8.393	3.459	1.675	5.217	10.918	804	13.647	43.853	7.080	2.805	5.458	1.880	3.178	3.267	196.096
2020-07-05	35.807	48.665	8.434	3.460	1.678	5.220	10.939	804	13.664	43.990	7.080	2.805	5.458	1.880	3.181	3.270	196.335
2020-07-06	35.807	48.744	8.451	3.464	1.679	5.220	10.955	804	13.672	44.064	7.082	2.806	5.458	1.889	3.187	3.272	196.554
2020-07-07	35.862	48.852	8.462	3.468	1.679	5.223	10.985	805	13.731	44.158	7.094	2.806	5.459	1.894	3.189	3.277	196.944
2020-07-08	35.890	48.953	8.502	3.476	1.679	5.224	11.012	805	13.748	44.306	7.100	2.808	5.465	1.896	3.194	3.283	197.341
2020-07-09	35.942	49.023	8.537	3.483	1.684	5.230	11.062	805	13.754	44.492	7.112	2.809	5.466	1.898	3.200	3.286	197.783
2020-07-10	35.990	49.086	8.586	3.452	1.688	5.231	11.104	803	13.791	44.645	7.126	2.812	5.469	1.905	3.202	3.288	198.178
2020-07-11	36.041	49.184	8.617	3.459	1.689	5.230	11.122	804	13.799	44.788	7.136	2.812	5.473	1.907	3.206	3.289	198.556
2020-07-12	36.041	49.204	8.637	3.462	1.689	5.230	11.162	804	13.804	44.915	7.157	2.812	5.473	1.917	3.206	3.291	198.804
2020-07-13	36.041	49.273	8.638	3.462	1.690	5.231	11.169	804	13.806	44.974	7.174	2.812	5.473	1.917	3.207	3.292	198.963
2020-07-14	36.111	49.350	8.656	3.462	1.691	5.231	11.206	804	13.823	45.115	7.196	2.819	5.476	1.919	3.221	3.295	199.375
2020-07-15	36.162	49.427	8.674	3.465	1.691	5.231	11.217	804	13.848	45.233	7.222	2.823	5.478	1.921	3.229	3.301	199.726
2020-07-16	36.227	49.538	8.699	3.466	1.697	5.233	11.283	805	13.887	45.388	7.258	2.824	5.484	1.926	3.235	3.310	200.260
2020-07-17	36.264	49.631	8.725	3.470	1.701	5.232	11.324	805	13.905	45.710	7.275	2.827	5.485	1.936	3.238	3.315	200.843
2020-07-18	36.342	49.702	8.748	3.476	1.709	5.237	11.371	806	13.952	45.910	7.293	2.828	5.488	1.939	3.251	3.320	201.372
2020-07-19	36.342	49.710	8.774	3.476	1.718	5.240	11.386	806	13.963	46.024	7.299	2.828	5.488	1.946	3.253	3.321	201.574
2020-07-20	36.342	49.775	8.779	3.483	1.720	5.240	11.409	806	14.030	46.075	7.314	2.830	5.488	1.950	3.261	3.321	201.823
2020-07-21	36.492	49.872	8.802	3.485	1.721	5.241	11.430	809	14.059	46.213	7.338	2.832	5.501	1.956	3.271	3.323	202.345
2020-07-22	36.556	49.954	8.837	3.497	1.725	5.244	11.458	811	14.101	46.367	7.346	2.835	5.503	1.961	3.278	3.326	202.799
2020-07-23	36.565	50.049	8.860	3.510	1.727	5.251	11.534	815	14.133	46.615	7.374	2.840	5.503	1.973	3.292	3.327	203.368
2020-07-24	36.731	50.112	8.894	3.523	1.733	5.275	11.591	826	14.185	46.956	7.397	2.841	5.506	1.975	3.299	3.339	204.183
2020-07-25	36.819	50.260	8.957	3.524	1.742	5.291	11.649	843	14.222	47.257	7.409	2.849	5.512	1.979	3.311	3.340	204.964
2020-07-26	36.819	50.282	8.991	3.524	1.746	5.304	11.680	843	14.223	47.430	7.420	2.850	5.512	1.986	3.318	3.341	205.269
2020-07-27	36.819	50.501	9.001	3.524	1.747	5.322	11.685	843	14.241	47.471	7.434	2.851	5.512	1.989	3.322	3.347	205.609
2020-07-28	36.917	50.589	9.020	3.527	1.752	5.326	11.743	845	14.288	47.740	7.442	2.852	5.518	1.991	3.341	3.351	206.242
2020-07-29	37.038	50.696	9.071	3.531	1.758	5.338	11.806	849	14.305	47.965	7.456	2.857	5.525	1.997	3.379	3.355	206.926
2020-07-30	37.115	50.806	9.150	3.551	1.763	5.356	11.895	861	14.380	48.301	7.488	2.862	5.532	2.009	3.401	3.358	207.828
2020-07-31	37.224	50.915	9.192	3.560	1.774	5.386	11.965	864	14.430	48.689	7.498	2.862	5.536	2.015	3.427	3.361	208.698
2020-08-01	37.272	51.068	9.274	3.565	1.781	5.405	12.029	868	14.499	49.102	7.533	2.874	5.541	2.022	3.451	3.369	209.653
2020-08-02	37.272	51.080	9.319	3.565	1.782	5.405	12.117	875	14.515	49.145	7.535	2.879	5.541	2.030	3.463	3.370	209.893
2020-08-03	37.272	51.156	9.328	3.573	1.782	5.436	12.142	877	14.567	49.435	7.543	2.881	5.541	2.031	3.467	3.371	210.402
2020-08-04	37.455	51.279	9.367	3.579	1.787	5.444	12.199	880	14.634	49.727	7.583	2.886	5.548	2.034	3.494	3.385	211.281
2020-08-05	37.514	51.377	9.399	3.588	1.790	5.461	12.254	889	14.671	50.068	7.618	2.891	5.560	2.036	3.516	3.390	212.022
2020-08-06	37.574	51.582	9.490	3.597	1.792	5.486	12.310	907	14.723	50.493	7.667	2.897	5.570	2.044	3.534	3.401	213.067
2020-08-07	37.642	51.710	9.543	3.600	1.798	5.530	12.468	910	14.847	50.937	7.713	2.900	5.590	2.044	3.569	3.413	214.214
2020-08-08	37.749	51.794	9.640	3.622	1.800	5.610	12.602	930	14.911	51.330	7.748	2.913	5.632	2.057	3.578	3.420	215.336
2020-08-09	37.767	51.803	9.688	3.626	1.803	5.664	12.703	936	14.943	51.561	7.771	2.926	5.632	2.057	3.586	3.425	215.891
2020-08-10	37.791	51.848	9.698	3.627	1.804	5.678	12.737	938	14.974	51.762	7.832	2.930	5.632	2.061	3.588	3.427	216.327
2020-08-11	37.896	51.946	9.740	3.634	1.809	5.691	12.815	943	15.056	52.175	7.871	2.942	5.655	2.068	3.620	3.432	217.293
2020-08-12	37.975	52.182	9.851	3.642	1.819	5.748	12.876	952	15.122	52.588	7.935	2.952	5.673	2.076	3.675	3.453	218.519
2020-08-13	38.162	52.436	9.976	3.651	1.822	5.774	13.008	954	15.176	53.123	7.974	2.955	5.685	2.090	3.714	3.464	219.964
2020-08-14	38.270	52.645	9.976	3.683	1.828	5.821	13.187	959	15.318	53.661	8.059	2.976	5.705	2.099	3.744	3.482	221.413
2020-08-15	38.422	52.847	10.196	3.695	1.835	5.850	13.390	970	15.343	54.106	8.095	2.986	5.719	2.114	3.768	3.492	222.828
2020-08-16	38.480	52.888	10.238	3.697	1.841	5.878	13.433	972	15.384	54.390	8.121	3.000	5.730	2.123	3.782	3.496	223.453
2020-08-17	38.512	52.984	10.253	3.703	1.845	5.887	13.486	973	15.428	54.653	8.148	3.000	5.731	2.123	3.790	3.498	224.014
2020-08-18	38.740	53.298	10.319	3.708	1.851	5.901	13.675	975	15.482	55.049	8.224	3.008	5.736	2.126	3.807	3.505	225.404
2020-08-19	38.968	53.707	10.394	3.728	1.865	5.927	13.842	978	15.562	55.375	8.334	3.017	5.749	2.134	3.825	3.509	226.914
2020-08-20	39.227	54.101	10.463	3.740	1.877	5.954	14.029	981	15.724	55.770	8.427	3.039	5.769	2.146	3.851	3.523	228.621
2020-08-21	39.493	54.416	10.543	3.758	1.885	5.989	14.260	984	15.885	55.936	8.514	3.040	5.788	2.155	3.872	3.530	230.048
2020-08-22	39.829	54.817	10.655	3.784	1.893	6.019	14.409	989	16.019	56.599	8.602	3.055	5.806	2.170	3.890	3.546	232.082
2020-08-23	40.031	54.858	10.717	3.787	1.900	6.019	14.587	992	16.055	56.784	8.615	3.071	5.820	2.179	3.902	3.547	232.864
2020-08-24	40.173	55.061	10.728	3.787	1.905	6.054	14.657	994	16.096	56.916	8.667	3.076	5.824	2.180	3.904	3.553	233.575
2020-08-25	40.358	55.414	10.786	3.795	1.913	6.083	14.809	997	16.191	57.213	8.713	3.080	5.827	2.183	3.927	3.564	234.853
2020-08-26	40.685	55.767	10.852	3.818	1.924	6.110	15.025	998	16.274	57.560	8.759	3.085	5.841	2.199	3.961	3.571	236.429
2020-08-27	40.964	56.191	10.934	3.839	1.944	6.137	15.105	999	16.419	57.826	8.842	3.095	5.866	2.209	3.981	3.585	237.936
2020-08-28	41.248	56.639	11.011	3.857	1.958	6.167	15.232	1.001	16.506	58.187	8.874	3.112	5.905	2.218	4.000	3.592	239.507
2020-08-29	41.574	56.972	11.125	3.867	1.980	6.193	15.351	1.004	16.628	58.452	8.928	3.126	5.934	2.226	4.015	3.611	240.986
2020-08-30	41.773	57.059	11.183	3.869	1.992	6.227	15.399	1.007	16.690	58.584	9.008	3.153	5.949	2.232	4.022	3.624	241.771
2020-08-31	41.942	57.219	11.189	3.870	1.993	6.250	15.431	1.008	16.741	58.687	9.053	3.154	5.953	2.234	4.029	3.628	242.381
2020-09-01	42.119	57.485	11.266	3.871	2.002	6.262	15.596	1.008	16.795	59.023	9.105	3.151	5.990	2.244	4.045	3.637	243.599
2020-09-02	42.367	57.781	11.347	3.875	2.015	6.313	15.692	1.009	16.888	59.263	9.168	3.157	6.022	2.250	4.064	3.644	244.855
2020-09-03	42.614	58.077	11.431	3.898	2.037	6.351	15.776	1.015	16.992	59.527	9.212	3.168	6.065	2.260	4.091	3.652	246.166
2020-09-04	42.760	58.285	11.529	3.900	2.048	6.396	15.830	1.019	17.005	59.677	9.253	3.170	6.065	2.263	4.091	3.657	246.948
2020-09-05	43.259	58.692	11.623	3.923	2.056	6.451	15.978	1.023	17.210	60.085	9.305	3.189	6.138	2.274	4.115	3.676	248.997
2020-09-06	43.423	59.014	11.703	3.927	2.067	6.486	16.098	1.023	17.236	60.257	9.324	3.197	6.147	2.281	4.120	3.682	249.985
2020-09-07	43.592	59.298	11.727	3.931	2.070	6.486	16.145	1.023	17.284	60.433	9.364	3.199	6.149	2.282	4.126	3.690	250.799
2020-09-08	43.861	59.804	11.792	3.943	2.073	6.527	16.278	1.034	17.372	60.695	9.434	3.199	6.155	2.287	4.150	3.694	252.298
2020-09-09	44.118	60.121	11.879	3.959	2.085	6.527	16.375	1.038	17.454	60.878	9.483	3.208	6.191	2.290	4.168	3.700	253.474
2020-09-10	44.396	60.759	11.951	3.966	2.094	6.626	16.500	1.044	17.572	61.201	9.560	3.218	6.255	2.305	4.197	3.722	255.366
2020-09-11	44.618	61.158	12.090	3.984	2.109	6.699	16.603	1.046	17.645	61.505	9.623	3.222	6.282	2.314	4.207	3.745	256.850
2020-09-12	44.903	61.561	12.216	4.003	2.117	6.770	16.714	1.055	17.783	61.820	9.649	3.225	6.351	2.330	4.218	3.765	258.480
2020-09-13	45.070	61.705	12.254	4.005	2.130	6.814	16.808	1.055	17.844	62.079	9.717	3.243	6.365	2.337	4.222	3.780	259.428
2020-09-14	45.254	61.974	12.269	4.006	2.135	6.825	16.877	1.055	17.911	62.261	9.764	3.245	6.403	2.355	4.231	3.790	260.355
2020-09-15	45.323	62.401	12.354	4.016	2.137	6.846	16.985	1.064	18.023	62.725	9.795	3.234	6.430	2.359	4.255	3.815	261.762
2020-09-16	45.755	62.809	12.463	4.033	2.159	6.917	17.084	1.074	18.160	63.155	9.859	3.240	6.467	2.366	4.288	3.834	263.663
2020-09-17	46.041	63.632	12.593	4.051	2.174	6.964	17.233	1.081	18.256	63.565	9.929	3.262	6.522	2.378	4.311	3.865	265.857
2020-09-18	46.428	63.918	12.733	4.060	2.177	7.010	17.342	1.093	18.529	64.084	9.990	3.214	6.581	2.380	4.350	3.884	267.773
2020-09-19	46.779	64.395	12.919	4.079	2.191	7.075	17.516	1.105	18.701	64.692	10.037	3.227	6.658	2.393	4.384	3.919	270.070
2020-09-20	46.935	64.625	13.065	4.088	2.215	7.150	17.586	1.105	18.791	65.078	10.085	3.232	6.679	2.443	4.405	3.933	271.415
2020-09-21	47.107	64.919	13.109	4.090	2.219	7.165	17.637	1.105	18.900	65.232	10.116	3.234	6.692	2.453	4.421	3.938	272.337
2020-09-22	47.353	65.331	13.257	4.101	2.223	7.230	17.757	1.123	18.964	65.753	10.183	3.234	6.774	2.457	4.460	3.958	274.158
2020-09-23	47.590	65.746	13.374	4.116	2.250	7.291	17.870	1.131	19.137	66.191	10.230	3.252	6.816	2.470	4.498	3.965	275.927
2020-09-24	47.883	66.192	13.573	4.150	2.262	7.369	18.035	1.136	19.315	66.680	10.282	3.262	6.887	2.497	4.540	4.007	278.070
2020-09-25	48.135	66.557	13.811	4.178	2.280	7.431	18.221	1.144	19.443	67.278	10.381	3.270	6.942	2.525	4.603	4.024	280.223
2020-09-26	48.467	67.005	13.970	4.203	2.320	7.550	18.396	1.151	19.748	67.903	10.439	3.288	7.052	2.536	4.656	4.046	282.730
2020-09-27	48.467	67.255	14.113	4.214	2.366	7.638	18.607	1.151	19.772	68.395	10.483	3.295	7.095	2.569	4.671	4.049	284.140
2020-09-28	48.900	67.356	14.196	4.217	2.372	7.690	18.644	1.151	19.772	68.720	10.554	3.295	7.122	2.603	4.686	4.054	285.332
2020-09-29	49.208	67.763	14.327	4.251	2.385	7.750	18.788	1.168	20.026	69.284	10.630	3.297	7.151	2.613	4.724	4.056	287.421
2020-09-30	49.421	67.996	14.500	4.258	2.435	7.837	18.945	1.180	20.162	69.822	10.698	3.297	7.202	2.619	4.772	4.075	289.219
2020-10-01	49.707	68.482	14.788	4.300	2.471	7.896	19.089	1.195	20.290	70.580	10.740	3.315	7.288	2.654	4.821	4.106	291.722
2020-10-02	50.105	68.853	15.032	4.326	2.511	7.984	19.324	1.203	20.491	71.357	10.863	3.338	7.349	2.677	4.848	4.134	294.395
2020-10-03	50.240	69.186	15.371	4.369	2.557	8.064	19.616	1.220	20.777	72.063	10.975	3.380	7.391	2.693	4.898	4.158	296.958
2020-10-04	50.763	69.486	15.574	4.393	2.598	8.176	19.788	1.220	20.954	72.581	11.015	3.380	7.459	2.736	4.914	4.200	299.237
2020-10-05	50.934	69.631	15.648	4.421	2.619	8.241	19.978	1.220	21.075	72.995	11.086	3.380	7.502	2.746	4.938	4.205	300.619
2020-10-06	51.191	70.006	15.949	4.447	2.632	8.339	20.113	1.293	21.284	73.842	11.215	3.449	7.533	2.764	4.978	4.223	303.258
2020-10-07	51.579	70.381	16.237	4.483	2.702	8.451	20.355	1.304	21.456	74.615	11.308	3.489	7.679	2.774	5.032	4.241	306.086
2020-10-08	52.231	71.034	16.615	4.561	2.805	8.544	20.662	1.332	21.743	75.671	11.499	3.499	7.797	2.815	5.076	4.260	310.144
2020-10-09	52.814	71.759	17.112	4.603	2.880	8.669	21.092	1.344	22.142	76.796	11.602	3.551	7.987	2.832	5.155	4.322	314.660
2020-10-10	53.344	72.402	17.555	4.692	2.880	8.814	21.586	1.373	22.490	78.218	11.808	3.586	8.203	2.858	5.209	4.363	319.381
2020-10-11	53.868	72.843	17.828	4.740	3.058	8.912	21.911	1.373	22.662	79.179	11.904	3.673	8.340	2.903	5.235	4.435	322.864
2020-10-12	54.345	73.186	18.075	4.771	3.080	8.963	22.039	1.373	22.662	79.981	12.106	3.703	8.413	2.932	5.260	4.442	325.331
2020-10-13	54.939	73.788	18.327	4.794	3.113	9.040	22.310	1.416	23.265	81.192	12.235	3.720	8.559	2.942	5.325	4.488	329.453
2020-10-14	55.639	74.459	19.033	4.997	3.166	9.153	22.819	1.472	23.560	82.356	12.410	3.867	8.742	2.966	5.391	4.555	334.585
2020-10-15	56.488	75.535	19.537	5.098	3.274	9.288	23.481	1.532	24.009	84.161	12.647	3.960	9.122	2.999	5.456	4.636	341.223
2020-10-16	57.455	76.680	20.088	5.211	3.377	9.456	24.151	1.590	24.724	86.315	12.884	4.013	9.335	3.057	5.510	4.711	348.557
2020-10-17	58.653	77.904	20.764	5.305	3.477	9.457	25.033	1.590	25.287	88.204	13.227	4.221	9.738	3.134	5.600	4.793	356.387
2020-10-18	59.353	78.940	21.127	5.414	3.564	9.750	25.440	1.680	25.581	89.681	13.404	4.356	9.935	3.242	5.626	4.881	361.974
2020-10-19	60.053	79.735	21.429	5.451	3.590	9.910	25.776	1.705	25.852	90.544	13.652	4.415	10.275	3.285	5.714	4.913	366.299
2020-10-20	60.721	80.880	21.905	5.574	3.630	10.003	26.558	1.719	26.356	92.694	13.957	4.437	10.520	3.334	5.879	5.000	373.167
2020-10-21	61.694	82.102	22.727	5.670	3.725	10.207	27.307	1.790	26.611	94.883	14.199	4.467	10.906	3.387	5.989	5.098	380.762
2020-10-22	63.132	84.090	23.698	5.948	3.868	10.407	28.440	1.877	27.426	97.507	14.640	4.625	11.507	3.487	6.147	5.250	392.049
2020-10-23	65.085	86.054	24.481	6.020	3.876	10.683	29.398	1.936	28.078	100.247	15.186	4.856	12.071	3.642	6.284	5.394	403.291
2020-10-24	66.838	88.319	25.374	6.309	4.152	11.043	31.128	2.056	29.101	104.617	15.781	5.008	12.453	3.760	6.520	5.546	418.005
2020-10-25	68.482	89.986	25.790	6.463	4.342	11.346	32.227	2.133	29.640	107.759	16.118	5.289	13.237	3.905	6.662	5.802	429.181
2020-10-26	69.601	91.569	26.094	6.515	4.407	11.514	32.852	2.165	30.476	110.516	16.549	5.321	13.653	3.994	6.777	5.863	437.866
2020-10-27	70.792	93.290	27.024	6.599	4.495	11.853	34.200	2.200	31.038	114.194	17.090	5.455	14.001	4.166	6.942	5.936	449.275
2020-10-28	72.884	96.420	28.064	6.957	4.689	12.153	35.688	2.328	32.244	117.278	17.789	5.576	14.409	4.342	7.218	6.200	464.239
2020-10-29	75.164	98.998	29.225	7.208	4.891	12.557	37.385	2.484	32.980	122.051	18.420	5.806	15.380	4.582	7.499	6.383	481.013
2020-10-30	77.477	102.074	30.356	7.468	5.100	12.947	39.093	2616	34.228	127.447	19.108	6.142	16.493	4.804	7.716	6.625	499.694
2020-10-31	80.233	104.764	31.440	7.831	5.331	13.357	40.998	2.782	35.942	132.479	20.103	6.249	17.196	5.067	8.028	6.953	518.753
2020-11-01	82.334	107.044	32.231	8.088	5.522	13.753	42.072	2.865	36.949	136.116	20.574	6.740	17.974	5.204	8.293	7.171	532.930
2020-11-02	83.594	109.349	32.593	8.326	5.673	14.036	43.379	2.918	37.919	139.485	20.962	7.029	18.747	5.323	8.456	7.238	545.027
2020-11-03	85.442	112.301	33.310	8.691	5.901	14.288	44.598	2.917	38.862	144.137	21.787	7.228	19.489	5.423	8.600	7.405	560.379
2020-11-04	87.685	115.869	34.823	8.761	6.108	14.744	45.819	3.076	39.964	148.699	22.466	7.313	20.140	5.582	8.833	7.711	577.593
2020-11-05	90.734	119.505	35.971	9.062	6.365	15.132	47.477	3.271	41.209	153.766	23.391	7.564	21.119	5.897	9.096	8.024	597.583
2020-11-06	93.264	123.225	37.357	9.560	6.599	15.778	49.327	3.415	42.707	159.027	24.320	7.765	22.957	6.170	9.316	8.302	619.089
2020-11-07	96.602	127.614	38.686	10.086	6.872	16.263	51.438	3.580	44.009	164.919	25.342	8.130	24.255	6.482	9.590	8.620	642.488
2020-11-08	99.046	130.635	39.383	10.296	7.067	16.854	53.161	3.693	45.002	168.205	25.721	8.327	25.878	6.583	9.823	8.831	658.505
2020-11-09	100.752	133.808	39.624	10.516	7.133	17.139	54.043	3.745	46.322	171.631	26.352	8.426	26.680	6.734	10.000	8.963	671.868
2020-11-10	102.293	136.636	40.460	10.790	7.254	17.437	55.744	3.786	47.319	175.951	27.237	8.640	27.339	6.928	10.214	9.172	687.200
2020-11-11	104.707	139.914	42.014	11.031	7.367	17.860	57.466	3.910	48.400	180.523	28.034	9.012	28.507	7.101	10.466	9.375	705.687
2020-11-12	107.649	144.705	43.146	11.483	7.565	18.255	59.371	3.910	50.167	185.138	28.958	9.276	30.100	7.367	10.715	9.748	727.553
2020-11-13	110.633	148.882	45.106	11.852	7.803	18.914	61.055	4.165	51.770	191.011	30.250	9.452	31.538	7.641	10.924	10.099	751.095
2020-11-14	113.539	153.156	46.434	12.205	7.965	19.450	62.462	4.289	53.883	196.363	31.397	9.713	33.007	7.941	11.203	10.549	773.556
2020-11-15	115.670	156.421	47.265	12.636	8.153	19.977	64.393	4.397	55.325	200.063	32.013	10.110	33.924	8.040	11.361	10.755	790.503
2020-11-16	116.996	158.849	47.697	12.873	8.220	20.220	65.479	4.435	55.433	202.817	32.563	10.110	34.970	8.161	11.522	10.982	801.327
2020-11-17	118.596	160.729	49.039	13.260	8.277	20.405	66.503	4.464	56.182	207.224	33.459	10.300	36.083	8.383	11.623	11.219	815.746
2020-11-18	120.870	164.288	50.611	13.517	8.447	20.830	68.070	4.620	56.924	211.380	34.144	10.524	36.891	8.669	11.917	11.605	833.307
2020-11-19	123.941	168.358	52.068	13.947	8.749	21.076	70.200	4.787	58.346	216.809	35.065	10.627	38.769	8.944	12.124	12.106	855.916
2020-11-20	127.103	173.239	53.315	14.347	8.867	21.735	72.525	4.932	59.968	222.535	36.091	11.006	39.801	9.266	12.388	12.446	879.564
2020-11-21	129.905	177.522	55.018	15.032	9.052	22.098	74.368	5.064	61.621	227.783	37.132	11.247	41.336	9.580	12.638	13.132	902.528
2020-11-22	132.011	181.001	56.068	15.315	9.212	22.531	75.789	5.154	62.553	230.976	37.587	11.345	42.597	9.791	12.791	13.548	918.269
2020-11-23	133.583	183.189	56.504	15.673	9.284	22.702	76.341	5.189	63.305	233.020	38.309	11.385	43.967	10.030	12.912	13.740	929.133
2020-11-24	133.689	185.803	57.309	15.867	9.307	22.939	77.897	5.247	64.504	236.806	39.275	11.561	44.927	10.331	13.056	14.169	942.687
2020-11-25	136.892	188.809	58.924	16.316	9.449	23.331	79.260	5.388	65.708	240.962	39.969	11.686	46.282	10.416	13.307	14.621	961.320
2020-11-26	139.768	193.533	60.554	17.011	9.642	23.330	81.327	5.510	66.802	245.871	40.847	11.960	47.690	10.930	13.564	15.249	983.588
2020-11-27	142.878	197.988	61.664	17.646	9.640	24.051	83.251	5.695	68.217	250.884	41.682	12.041	49.855	11.289	13.790	15.823	1.006.394
2020-11-28	145.615	201.950	63.064	18.197	9.868	24.305	84.845	5.820	69.948	255.115	42.670	12.237	52.411	11.667	14.013	16.364	1.028.089
2020-11-29	147.887	205.211	63.064	18.488	9.872	24.602	86.279	5.908	70.857	258.390	43.036	12.486	53.804	11.938	14.192	16.686	1.042.700
2020-11-30	149.318	207.159	64.220	18.740	9.909	24.705	86.792	5.950	71.265	260.646	43.618	12.673	55.274	12.339	14.263	16.998	1.053.869
2020-12-01	150.719	209.682	65.145	19.122	10.094	24.855	88.078	5.995	71.586	263.715	44.371	12.814	57.037	12.528	14.344	17.388	1.067.473
2020-12-02	152.782	213.308	66.306	19.605	10.253	25.143	89.446	6.116	72.534	267.069	45.169	12.884	58.894	12.788	14.587	17.859	1.084.743
2020-12-03	155.941	217.949	67.264	20.261	10.425	25.469	90.966	6.266	73.548	272.026	46.093	13.064	60.919	13.342	14.827	18.429	1.106.789
2020-12-04	159.013	222.360	68.508	21.123	10.499	25.775	92.825	6.446	74.734	276.697	47.140	13.212	63.535	13.826	15.082	19.463	1.130.238
2020-12-05	162.349	226.357	69.768	21.769	10.632	26.272	94.437	6.605	76.295	281.492	48.260	13.643	65.830	14.340	15.392	20.115	1.153.556
2020-12-06	164.843	229.675	71.087	22.206	10.761	26.619	95.954	6.687	77.033	284.816	48.779	13.887	68.244	14.616	15.627	20.489	1.171.323
2020-12-07	166.641	231.896	71.442	22.433	10.818	26.850	96.637	6.782	77.741	287.179	49.496	13.887	70.168	14.925	15.781	20.979	1.183.655
2020-12-08	168.265	234.614	72.082	22.741	10.859	27.081	97.899	6.835	78.296	290.668	49.762	14.173	71.636	15.396	15.964	21.438	1.197.709
2020-12-09	170.904	238.442	73.430	23.373	10.973	27.363	99.560	7.058	79.187	294.740	51.185	14.412	73.767	15.832	16.277	22.021	1.218.524
2020-12-10	174.948	243.797	74.552	23.892	11.184	27.696	100.900	7.351	80.894	298.431	52.149	14.643	75.895	16.439	16.575	22.857	1.242.203
2020-12-11	179.160	248.679	76.204	24.910	11.366	28.202	102.817	7.597	82.321	305.464	53.467	15.178	78.704	17.087	17.104	23.818	1.272.078
2020-12-12	182.958	253.069	77.208	25.818	11.488	28.620	105.934	7.870	83.935	310.932	54.969	15.460	82.226	17.703	17.515	24.811	1.300.516
2020-12-13	186.044	256.903	78.248	26.434	11.661	29.135	107.361	8.069	84.771	314.937	55.536	15.588	84.245	18.152	17.960	25.672	1.320.716
2020-12-14	188.241	259.793	78.796	26.952	11.714	29.408	108.316	8.232	85.729	317.966	56.345	15.996	86.807	18.524	18.100	26.159	1.337.078
2020-12-15	190.418	261.306	79.807	27.459	11.736	29.711	109.734	8.315	86.345	322.051	57.462	16.098	86.806	18.985	18.341	26.936	1.351.510
2020-12-16	193.712	267.838	80.936	28.055	11.865	29.990	111.433	8.596	87.268	326.681	58.279	16.159	92.409	19.456	18.827	27.734	1.379.238
2020-12-17	194.357	272.883	82.253	29.215	12.086	30.559	113.998	8.939	88.898	332.684	59.649	16.523	95.616	20.156	19.334	29.011	1.406.161
2020-12-18	202.113	278.006	83.697	30.092	12.232	31.044	115.473	9.227	91.188	339.176	60.761	17.114	98.877	20.855	19.806	30.277	1.439.938
2020-12-19	206.397	283.289	85.244	31.224	12.367	31.591	118.697	9.448	92.773	345.186	62.002	17.358	102.193	21.867	20.259	31.343	1.471.238
2020-12-20	209.860	287.207	86.564	31.875	12.457	32.116	120.716	9.664	93.811	349.463	62.620	17.520	104.744	22.520	20.692	32.180	1.494.009
2020-12-21	212.221	289.760	86.884	32.379	12.599	32.425	121.962	9.796	94.996	352.719	63.586	17.732	107.014	22.978	20.849	32.752	1.510.652
2020-12-22	214.466	292.735	88.029	33.461	12.642	32.726	122.638	9.899	96.232	357.298	64.640	17.977	109.194	23.564	21.060	33.619	1.530.180
2020-12-23	217.464	296.497	89.519	34.117	12.765	33.308	125.049	10.210	96.959	362.430	65.473	18.184	111.922	24.249	21.855	34.919	1.554.920
2020-12-24	221.854	301.881	91.116	35.280	13.020	33.870	126.214	10.532	99.234	369.058	66.745	18.549	115.799	25.137	22.558	36.268	1.587.115
2020-12-25	225.354	305.866	92.068	35.873	13.099	34.454	129.206	10.681	100343	373.298	67.546	18.938	119770	25.964	22864	37.324	1612648
2020-12-26	227.305	308.651	92.346	36.214	13.134	34.813	130.109	10.841	101.877	375.714	68.113	19.122	121.060	26.569	23.094	38.141	1.627.103
2020-12-27	228.893	311.091	92.981	36.795	13.165	35.110	131.434	10.939	102.850	378.105	68.758	19.150	122.450	27.064	23.333	38.740	1.640.858
2020-12-28	230.029	312.972	93.796	37.137	13.205	35.331	131.804	11.055	103.244	380.487	69.197	19.322	124.189	27.438	23.524	39.104	1.651.834
2020-12-29	231.686	314.934	94.442	37.820	13.259	35.484	132.204	11.168	103.750	383.008	70.024	19.341	126.421	27.754	23.784	39.647	1.664.726
2020-12-30	234.498	318.339	95.729	39.627	13.411	35.947	133.475	11.623	104.768	387.437	70.749	19.539	128.785	28.316	24.284	40.658	1.687.185
2020-12-31	237.993	324.937	96.788	41.241	13.559	36.417	136.577	11.997	106.789	393.185	71.993	19.879	132.356	29.200	24.792	42.034	1.719.737
2021-01-01	240.888	328.640	97.430	42.274	13.681	36.985	138.379	12.168	108.607	396.880	72.785	20.000	135.397	30.135	25.134	43.278	1.742.661
2021-01-02	242.744	330.855	97.637	42.384	13.703	37.293	139.368	12.362	109.810	398.678	73.545	20.111	137.031	30.708	25.247	43.875	1.755.351
2021-01-03	243.914	332.619	98.097	42.713	13.713	37.535	139.965	12.454	110.271	400.594	73.915	20.141	138.332	31.497	25.540	44.366	1.765.666
2021-01-04	244.930	334.567	98.754	42.887	13.747	37.535	140.371	12.562	110.777	402.519	74.435	20.199	139.700	32.083	25.751	44.696	1.775.513
2021-01-05	246.440	337.095	99.525	43.163	13.803	37.879	141.012	12.738	111.453	404.488	74.962	20.272	141.002	32.480	25.986	45.112	1.787.410
2021-01-06	249.397	338.786	100.760	44.556	13.915	38.575	142.925	13.225	112.166	408.998	75.885	20.497	143.122	33.019	26.536	46.285	1.808.647
2021-01-07	250.675	342.280	102.070	45.720	14.069	39.154	145.009	13.701	114.282	415.041	76.991	20.805	146.658	33.929	27.078	47.576	1.835.038
2021-01-08	254.652	348.143	103.639	48.351	14.177	39.587	147.012	14.031	116.432	420.190	78.087	21.321	149.707	34.971	27.542	49.045	1.866.887
2021-01-09	257.403	351.615	105.118	49.531	14.257	40.123	148.863	14.429	118.305	424.492	79.252	21.642	152.459	35.734	28.056	50.302	1.891.581
2021-01-10	260.001	354.494	105.850	49.531	14.323	40.476	150.229	14.667	119.533	427.710	79.839	21.868	154.520	35.734	28.480	51.272	1.908.527
2021-01-11	261.487	356.922	106.190	50.180	14.365	40.687	150.790	14.757	120.634	429.506	80.449	21.900	155.627	37.300	28.624	51.606	1.921.024
2021-01-12	262.509	358.804	107.226	51.521	14.383	40.960	151.293	14.882	121.103	431.807	81.039	22.142	156.677	38.320	28.845	52.315	1.933.826
2021-01-13	264.735	361.582	108.295	52.285	14.469	41.350	152.844	15.316	122.431	435.464	81.737	22.279	158.624	39.233	29.250	53.532	1.953.426
2021-01-14	267.714	366.609	109.569	53.533	14.629	41.746	154.500	15.684	124.027	439.609	82.472	22.542	161.352	40.234	29.734	54.636	1.978.590
2021-01-15	270.036	369.672	110.740	55.402	14.699	42.070	156.127	15.989	125.183	444.159	83.476	22.742	163.469	41.394	30.159	55.641	2.000.958
2021-01-16	271.976	372.696	111.730	56.036	14.796	42.349	157.255	16.361	127.115	447.493	84.229	22.939	165.292	42.249	30.581	56.539	2.019.636
2021-01-17	272.796	374.868	112.262	56.836	14.900	42.727	158.544	16.614	128.015	450.721	84.639	23.132	166.572	42.680	30.956	57.256	2.033.518
2021-01-18	274.829	375.137	112.511	57.264	14.943	42.814	158.968	16.742	128.826	451.898	84.641	23.146	166.993	43.182	31.171	57.594	2.040.659
2021-01-19	275.442	377.918	113.055	58.646	14.960	43.077	159.409	16.902	129.566	453.576	85.559	23.204	167.685	43.612	31.391	58.026	2.052.028
2021-01-20	277.126	380.295	113.875	59.485	15.027	43.328	160.738	17.170	130.467	456.855	86.124	23.420	168.943	44.494	31.842	58.813	2.068.002
2021-01-21	279.479	383.107	114.606	60.825	15.151	43.613	162.321	17.553	132.095	460.709	87.040	23.628	170.784	45.448	32.297	59.744	2.088.400
2021-01-22	281.393	385.784	115.506	61.997	15.248	43.919	163.853	17.826	133.417	464.139	87.855	23.873	171.878	46.137	32.820	60.617	2.106.262
2021-01-23	282.920	387.863	116.119	62.813	15.326	44.249	164.944	18.108	134.927	467.471	88.612	24.068	173.272	47.452	33.245	61.290	2.122.679
2021-01-24	284.407	389.998	116.582	63.068	15.402	44.453	165.873	18.349	135.765	470.082	88.977	24.249	174.186	47.925	33.722	61.898	2.134.936
2021-01-25	285.141	391.103	116.742	63.644	15.435	44.718	166.219	18.462	136.202	471.079	89.446	24.288	174.818	48.405	33.861	62.102	2.141.665
2021-01-26	285.615	391.863	117.114	64.265	15.467	44.919	166.452	18.569	136.795	472.482	89.830	24.396	175.171	48.795	33.972	62.372	2.148.077
2021-01-27	286.954	393.731	117.602	65.150	15.549	45.070	167.595	18.948	137.549	475.013	90.431	24.671	176.039	49.400	34.530	63.043	2.161.275
2021-01-28	288.818	396.600	118.433	66.370	15.639	45.535	168.871	19.197	139.029	478.263	91.099	24.941	177.121	50.200	35.037	63.675	2.178.828
2021-01-29	290.457	398.573	118.955	67.144	15.747	45.576	169.960	19.435	139.925	481.042	91.711	25.232	178.330	50.945	35.426	64.392	2.192.850
2021-01-30	291.818	400.504	119.514	67.836	15.885	46.015	170.883	19.682	141.085	483.456	91.711	25.450	179.153	51.521	35.717	64.941	2.205.171
2021-01-31	293.116	402.173	119.844	68.174	15.971	46.264	171.823	19.848	142.097	485.893	92.638	25.712	179.740	51.620	36.021	65.429	2.216.363
2021-02-01	293.647	403.454	119.943	68.335	15.998	46.399	172.056	19.937	142.733	486.992	93.044	25.807	180.210	51.620	36.204	65.592	2.221.971
2021-02-02	294.255	404.215	120.397	68.694	16.033	46.554	172.367	20.022	143.160	487.938	93.372	25.829	180.623	52.462	36.343	65.821	2.228.085
2021-02-03	295.395	405.666	120.750	69.231	16.155	46.554	173.312	20.284	143.452	490.236	93.757	25.985	181.338	52.759	36.560	66.356	2.237.790
2021-02-04	296.749	408.021	121.399	69.805	16.226	46.966	174.489	20.591	144.638	492.669	94.302	26.296	182.333	53.358	37.044	67.115	2.252.001
2021-02-05	297.994	410.005	121.878	70.233	16.355	47.191	175.378	20.849	146.205	495.483	94.801	26.500	183.110	53.825	37.359	67.743	2.264.909
2021-02-06	299.122	411.621	122.229	70.656	16.436	47.412	176.138	21.052	147.195	497.667	95.250	26.709	183.812	54.257	37.611	68.227	2.275.394
2021-02-07	300.232	413.008	122.456	70.930	16.494	47.582	176.931	21.207	148.108	499.455	95.437	26.889	184.334	54.592	37.893	68.462	2.284.010
2021-02-08	300.693	413.863	122.606	71.035	16.543	47.698	177.127	21.288	148.580	500.268	95.727	26.920	184.791	54.782	37.985	68.639	2.288.545
2021-02-09	301.091	414.332	122.890	71.303	16.569	47.884	177.331	21.351	148.877	500.500	96.076	26.952	184.880	54.897	38.136	68.855	2.291.924
2021-02-10	302.110	415.276	123.192	71.659	16.618	48.045	177.988	21.556	149.347	502.766	96.371	27.084	185.204	55.162	38.444	69.174	2.299.996
2021-02-11	303.333	416.786	123.649	72.195	16.717	48.265	178.780	21.761	150.430	504.650	96.761	27.182	186.000	55.449	38.778	69.497	2.310.233
2021-02-12	304.257	418.456	124.134	72.569	16.797	48.458	179.467	21.928	151.569	506.531	97.141	27.281	186.520	55.787	39.144	70.054	2.320.093
